"user_id","item_id","rating","timestamp","location","comments","comments_tokenized","comment_length","month","day_of_week","year","day"
2.0,2.0,0.5,"2023-04-13","Phoenix","Could be better","['Could', 'be', 'better']",15,4,3,2023,13
25.0,9.0,0.5,"2023-06-29","Houston","Excellent","['Excellent']",9,6,3,2023,29
7.0,14.0,0.25,"2023-03-13","Houston","Excellent","['Excellent']",9,3,0,2023,13
24.0,9.0,0.5,"2023-01-21","Houston","Average","['Average']",7,1,5,2023,21
12.0,8.0,0.0,"2023-04-27","New York","Average","['Average']",7,4,3,2023,27
6.0,10.0,0.25,"2023-04-10","Chicago","Good","['Good']",4,4,0,2023,10
20.0,1.0,1.0,"2023-04-14","Los Angeles","Could be better","['Could', 'be', 'better']",15,4,4,2023,14
23.0,8.0,1.0,"2023-06-01","Los Angeles","Poor","['Poor']",4,6,3,2023,1
20.0,14.0,0.5,"2023-05-30","New York","Average","['Average']",7,5,1,2023,30
16.0,7.0,0.5,"2023-02-22","Los Angeles","Average","['Average']",7,2,2,2023,22
28.0,4.0,1.0,"2023-06-07","Phoenix","Could be better","['Could', 'be', 'better']",15,6,2,2023,7
23.0,9.0,1.0,"2023-02-07","Los Angeles","Could be better","['Could', 'be', 'better']",15,2,1,2023,7
8.0,5.0,0.5,"2023-05-10","New York","Excellent","['Excellent']",9,5,2,2023,10
23.0,8.0,0.5,"2023-01-22","Chicago","Excellent","['Excellent']",9,1,6,2023,22
22.0,4.0,0.25,"2023-06-24","New York","Average","['Average']",7,6,5,2023,24
15.0,3.0,0.5,"2023-02-20","New York","Could be better","['Could', 'be', 'better']",15,2,0,2023,20
2.0,2.0,0.75,"2023-04-18","Chicago","Average","['Average']",7,4,1,2023,18
1.0,8.0,0.5,"2023-02-24","Phoenix","Poor","['Poor']",4,2,4,2023,24
23.0,9.0,0.5,"2023-05-11","New York","Excellent","['Excellent']",9,5,3,2023,11
11.0,14.0,0.5,"2023-05-15","Phoenix","Poor","['Poor']",4,5,0,2023,15
18.0,14.0,0.5,"2023-06-16","Houston","Could be better","['Could', 'be', 'better']",15,6,4,2023,16
8.0,3.0,0.75,"2023-03-30","Houston","Excellent","['Excellent']",9,3,3,2023,30
15.0,8.0,0.75,"2023-03-01","Los Angeles","Average","['Average']",7,3,2,2023,1
8.0,3.0,0.5,"2023-01-14","Houston","Average","['Average']",7,1,5,2023,14
27.0,13.0,0.5,"2023-02-22","Houston","Poor","['Poor']",4,2,2,2023,22
8.0,13.0,0.75,"2023-05-10","Phoenix","Excellent","['Excellent']",9,5,2,2023,10
14.0,13.0,1.0,"2023-04-02","Houston","Poor","['Poor']",4,4,6,2023,2
1.0,3.0,0.25,"2023-06-21","Chicago","Good","['Good']",4,6,2,2023,21
19.0,6.0,0.0,"2023-06-24","Los Angeles","Good","['Good']",4,6,5,2023,24
14.0,8.0,0.75,"2023-03-22","Houston","Poor","['Poor']",4,3,2,2023,22
21.0,1.0,0.5,"2023-06-13","Phoenix","Average","['Average']",7,6,1,2023,13
5.0,2.0,0.25,"2023-04-14","Houston","Could be better","['Could', 'be', 'better']",15,4,4,2023,14
9.0,10.0,0.75,"2023-05-12","Los Angeles","Excellent","['Excellent']",9,5,4,2023,12
26.0,12.0,0.5,"2023-01-02","New York","Good","['Good']",4,1,0,2023,2
28.0,6.0,0.5,"2023-05-14","Chicago","Average","['Average']",7,5,6,2023,14
2.0,12.0,0.5,"2023-02-23","New York","Good","['Good']",4,2,3,2023,23
9.0,8.0,0.0,"2023-02-13","Phoenix","Could be better","['Could', 'be', 'better']",15,2,0,2023,13
25.0,12.0,0.75,"2023-06-11","Phoenix","Good","['Good']",4,6,6,2023,11
16.0,2.0,0.25,"2023-01-14","Chicago","Poor","['Poor']",4,1,5,2023,14
13.0,7.0,0.75,"2023-04-05","Los Angeles","Good","['Good']",4,4,2,2023,5
9.0,3.0,0.5,"2023-02-17","Houston","Could be better","['Could', 'be', 'better']",15,2,4,2023,17
21.0,8.0,0.75,"2023-01-15","Phoenix","Poor","['Poor']",4,1,6,2023,15
4.0,14.0,0.5,"2023-02-22","Houston","Average","['Average']",7,2,2,2023,22
2.0,7.0,1.0,"2023-01-24","Houston","Excellent","['Excellent']",9,1,1,2023,24
29.0,11.0,0.0,"2023-06-03","Houston","Poor","['Poor']",4,6,5,2023,3
6.0,5.0,0.5,"2023-01-15","Phoenix","Excellent","['Excellent']",9,1,6,2023,15
18.0,9.0,0.25,"2023-03-12","Phoenix","Poor","['Poor']",4,3,6,2023,12
23.0,13.0,0.5,"2023-05-09","Houston","Poor","['Poor']",4,5,1,2023,9
11.0,5.0,0.5,"2023-05-19","Chicago","Could be better","['Could', 'be', 'better']",15,5,4,2023,19
22.0,9.0,0.0,"2023-06-12","Houston","Average","['Average']",7,6,0,2023,12
21.0,7.0,0.0,"2023-05-03","Houston","Good","['Good']",4,5,2,2023,3
15.0,7.0,1.0,"2023-01-05","Los Angeles","Average","['Average']",7,1,3,2023,5
7.0,4.0,0.25,"2023-03-13","Los Angeles","Poor","['Poor']",4,3,0,2023,13
19.0,4.0,0.75,"2023-02-02","Los Angeles","Excellent","['Excellent']",9,2,3,2023,2
17.0,14.0,0.5,"2023-06-21","Los Angeles","Poor","['Poor']",4,6,2,2023,21
3.0,4.0,0.25,"2023-04-14","Phoenix","Good","['Good']",4,4,4,2023,14
6.0,8.0,0.0,"2023-04-11","Chicago","Poor","['Poor']",4,4,1,2023,11
3.0,4.0,0.75,"2023-01-01","Houston","Could be better","['Could', 'be', 'better']",15,1,6,2023,1
14.0,11.0,1.0,"2023-05-22","New York","Average","['Average']",7,5,0,2023,22
14.0,7.0,0.5,"2023-04-13","Chicago","Could be better","['Could', 'be', 'better']",15,4,3,2023,13
2.0,2.0,0.0,"2023-05-17","Los Angeles","Excellent","['Excellent']",9,5,2,2023,17
14.0,12.0,0.75,"2023-01-15","Houston","Average","['Average']",7,1,6,2023,15
9.0,7.0,0.5,"2023-03-31","Los Angeles","Average","['Average']",7,3,4,2023,31
3.0,14.0,1.0,"2023-02-11","Chicago","Good","['Good']",4,2,5,2023,11
21.0,2.0,0.25,"2023-05-04","New York","Could be better","['Could', 'be', 'better']",15,5,3,2023,4
26.0,2.0,0.25,"2023-06-28","Los Angeles","Average","['Average']",7,6,2,2023,28
2.0,11.0,0.5,"2023-02-21","Phoenix","Average","['Average']",7,2,1,2023,21
6.0,9.0,0.0,"2023-04-06","Houston","Poor","['Poor']",4,4,3,2023,6
12.0,13.0,0.0,"2023-02-05","Chicago","Average","['Average']",7,2,6,2023,5
5.0,10.0,0.5,"2023-01-13","Chicago","Excellent","['Excellent']",9,1,4,2023,13
2.0,2.0,0.75,"2023-06-09","Chicago","Excellent","['Excellent']",9,6,4,2023,9
16.0,6.0,0.75,"2023-03-12","Los Angeles","Poor","['Poor']",4,3,6,2023,12
15.0,1.0,0.25,"2023-01-28","Chicago","Good","['Good']",4,1,5,2023,28
12.0,7.0,1.0,"2023-03-07","Phoenix","Could be better","['Could', 'be', 'better']",15,3,1,2023,7
4.0,8.0,0.75,"2023-06-19","New York","Could be better","['Could', 'be', 'better']",15,6,0,2023,19
11.0,8.0,0.5,"2023-03-03","Chicago","Could be better","['Could', 'be', 'better']",15,3,4,2023,3
23.0,6.0,0.25,"2023-01-28","New York","Could be better","['Could', 'be', 'better']",15,1,5,2023,28
27.0,12.0,0.5,"2023-01-30","Los Angeles","Average","['Average']",7,1,0,2023,30
13.0,9.0,1.0,"2023-05-08","Houston","Excellent","['Excellent']",9,5,0,2023,8
23.0,11.0,1.0,"2023-05-09","New York","Excellent","['Excellent']",9,5,1,2023,9
11.0,3.0,1.0,"2023-05-01","Los Angeles","Excellent","['Excellent']",9,5,0,2023,1
16.0,11.0,0.5,"2023-05-01","Los Angeles","Average","['Average']",7,5,0,2023,1
15.0,2.0,1.0,"2023-04-26","Houston","Good","['Good']",4,4,2,2023,26
21.0,12.0,0.5,"2023-01-03","New York","Could be better","['Could', 'be', 'better']",15,1,1,2023,3
28.0,4.0,1.0,"2023-04-13","New York","Poor","['Poor']",4,4,3,2023,13
15.0,4.0,1.0,"2023-06-04","Houston","Poor","['Poor']",4,6,6,2023,4
25.0,2.0,0.0,"2023-05-17","Los Angeles","Excellent","['Excellent']",9,5,2,2023,17
4.0,3.0,0.5,"2023-03-03","Houston","Good","['Good']",4,3,4,2023,3
11.0,13.0,0.25,"2023-06-14","Chicago","Excellent","['Excellent']",9,6,2,2023,14
13.0,12.0,0.5,"2023-04-28","New York","Could be better","['Could', 'be', 'better']",15,4,4,2023,28
2.0,1.0,0.75,"2023-06-29","Chicago","Poor","['Poor']",4,6,3,2023,29
29.0,7.0,1.0,"2023-03-03","New York","Average","['Average']",7,3,4,2023,3
4.0,10.0,0.5,"2023-02-21","New York","Excellent","['Excellent']",9,2,1,2023,21
20.0,12.0,0.5,"2023-05-10","Chicago","Could be better","['Could', 'be', 'better']",15,5,2,2023,10
14.0,11.0,0.75,"2023-05-11","Chicago","Good","['Good']",4,5,3,2023,11
29.0,8.0,0.5,"2023-04-11","Phoenix","Average","['Average']",7,4,1,2023,11
15.0,7.0,0.0,"2023-04-23","New York","Average","['Average']",7,4,6,2023,23
3.0,7.0,1.0,"2023-04-23","New York","Poor","['Poor']",4,4,6,2023,23
10.0,11.0,0.0,"2023-02-23","New York","Excellent","['Excellent']",9,2,3,2023,23
18.0,5.0,0.0,"2023-05-09","New York","Could be better","['Could', 'be', 'better']",15,5,1,2023,9
13.0,12.0,0.0,"2023-05-10","Phoenix","Poor","['Poor']",4,5,2,2023,10
4.0,11.0,0.0,"2023-02-22","New York","Good","['Good']",4,2,2,2023,22
25.0,4.0,0.25,"2023-06-09","Houston","Poor","['Poor']",4,6,4,2023,9
11.0,9.0,0.5,"2023-06-09","Phoenix","Poor","['Poor']",4,6,4,2023,9
7.0,4.0,0.5,"2023-02-07","Chicago","Good","['Good']",4,2,1,2023,7
7.0,3.0,0.5,"2023-03-10","Houston","Average","['Average']",7,3,4,2023,10
17.0,5.0,0.5,"2023-04-08","New York","Average","['Average']",7,4,5,2023,8
24.0,6.0,0.25,"2023-05-04","Los Angeles","Could be better","['Could', 'be', 'better']",15,5,3,2023,4
4.0,7.0,1.0,"2023-03-11","New York","Could be better","['Could', 'be', 'better']",15,3,5,2023,11
4.0,9.0,0.5,"2023-01-03","Phoenix","Good","['Good']",4,1,1,2023,3
7.0,2.0,0.5,"2023-06-13","Houston","Excellent","['Excellent']",9,6,1,2023,13
22.0,14.0,1.0,"2023-05-27","Phoenix","Could be better","['Could', 'be', 'better']",15,5,5,2023,27
1.0,3.0,0.5,"2023-03-31","Chicago","Good","['Good']",4,3,4,2023,31
12.0,12.0,0.5,"2023-05-27","Chicago","Could be better","['Could', 'be', 'better']",15,5,5,2023,27
13.0,12.0,0.5,"2023-04-06","Phoenix","Poor","['Poor']",4,4,3,2023,6
10.0,7.0,1.0,"2023-02-21","Chicago","Good","['Good']",4,2,1,2023,21
27.0,13.0,1.0,"2023-06-17","Houston","Excellent","['Excellent']",9,6,5,2023,17
22.0,13.0,0.0,"2023-03-23","Houston","Could be better","['Could', 'be', 'better']",15,3,3,2023,23
22.0,4.0,1.0,"2023-04-14","Los Angeles","Good","['Good']",4,4,4,2023,14
21.0,2.0,0.5,"2023-05-09","Los Angeles","Poor","['Poor']",4,5,1,2023,9
26.0,11.0,0.5,"2023-06-08","Houston","Average","['Average']",7,6,3,2023,8
26.0,4.0,0.25,"2023-03-31","Phoenix","Could be better","['Could', 'be', 'better']",15,3,4,2023,31
25.0,13.0,1.0,"2023-04-22","Phoenix","Average","['Average']",7,4,5,2023,22
29.0,7.0,0.25,"2023-03-01","Phoenix","Excellent","['Excellent']",9,3,2,2023,1
24.0,2.0,0.5,"2023-05-09","Houston","Average","['Average']",7,5,1,2023,9
16.0,9.0,0.5,"2023-02-17","Los Angeles","Average","['Average']",7,2,4,2023,17
26.0,8.0,0.25,"2023-02-06","Phoenix","Excellent","['Excellent']",9,2,0,2023,6
4.0,12.0,0.75,"2023-05-28","Los Angeles","Poor","['Poor']",4,5,6,2023,28
28.0,12.0,0.5,"2023-06-01","New York","Good","['Good']",4,6,3,2023,1
7.0,5.0,0.5,"2023-02-23","Houston","Average","['Average']",7,2,3,2023,23
25.0,8.0,0.5,"2023-06-10","Chicago","Excellent","['Excellent']",9,6,5,2023,10
18.0,6.0,0.0,"2023-06-01","Houston","Could be better","['Could', 'be', 'better']",15,6,3,2023,1
19.0,6.0,0.5,"2023-04-26","New York","Excellent","['Excellent']",9,4,2,2023,26
23.0,12.0,0.5,"2023-06-15","New York","Excellent","['Excellent']",9,6,3,2023,15
18.0,11.0,0.25,"2023-04-14","Chicago","Average","['Average']",7,4,4,2023,14
15.0,13.0,1.0,"2023-04-22","New York","Excellent","['Excellent']",9,4,5,2023,22
17.0,9.0,1.0,"2023-04-09","Phoenix","Excellent","['Excellent']",9,4,6,2023,9
2.0,6.0,0.25,"2023-05-26","Chicago","Good","['Good']",4,5,4,2023,26
23.0,5.0,0.5,"2023-04-20","Chicago","Good","['Good']",4,4,3,2023,20
21.0,12.0,0.75,"2023-03-23","Chicago","Poor","['Poor']",4,3,3,2023,23
17.0,5.0,1.0,"2023-02-23","Chicago","Poor","['Poor']",4,2,3,2023,23
22.0,10.0,0.5,"2023-06-12","Los Angeles","Average","['Average']",7,6,0,2023,12
3.0,6.0,0.5,"2023-02-02","Houston","Good","['Good']",4,2,3,2023,2
11.0,6.0,0.75,"2023-02-17","Houston","Good","['Good']",4,2,4,2023,17
9.0,4.0,0.75,"2023-05-08","Chicago","Excellent","['Excellent']",9,5,0,2023,8
13.0,10.0,0.25,"2023-05-15","Phoenix","Could be better","['Could', 'be', 'better']",15,5,0,2023,15
25.0,3.0,0.25,"2023-02-02","Los Angeles","Excellent","['Excellent']",9,2,3,2023,2
2.0,6.0,0.5,"2023-06-25","Chicago","Excellent","['Excellent']",9,6,6,2023,25
3.0,1.0,0.5,"2023-04-25","Los Angeles","Average","['Average']",7,4,1,2023,25
7.0,12.0,0.5,"2023-04-29","Los Angeles","Average","['Average']",7,4,5,2023,29
29.0,9.0,0.25,"2023-01-08","Los Angeles","Excellent","['Excellent']",9,1,6,2023,8
7.0,4.0,1.0,"2023-01-27","Phoenix","Good","['Good']",4,1,4,2023,27
9.0,10.0,0.0,"2023-01-27","Phoenix","Poor","['Poor']",4,1,4,2023,27
11.0,10.0,0.5,"2023-01-30","Chicago","Excellent","['Excellent']",9,1,0,2023,30
28.0,4.0,0.25,"2023-04-21","New York","Good","['Good']",4,4,4,2023,21
14.0,7.0,0.25,"2023-03-02","New York","Excellent","['Excellent']",9,3,3,2023,2
4.0,1.0,1.0,"2023-05-27","New York","Average","['Average']",7,5,5,2023,27
6.0,12.0,0.75,"2023-02-04","Chicago","Poor","['Poor']",4,2,5,2023,4
7.0,12.0,0.5,"2023-01-17","New York","Could be better","['Could', 'be', 'better']",15,1,1,2023,17
13.0,11.0,0.5,"2023-06-21","New York","Poor","['Poor']",4,6,2,2023,21
14.0,6.0,1.0,"2023-06-07","Houston","Average","['Average']",7,6,2,2023,7
4.0,5.0,1.0,"2023-02-15","Phoenix","Good","['Good']",4,2,2,2023,15
8.0,10.0,0.5,"2023-04-27","Houston","Excellent","['Excellent']",9,4,3,2023,27
1.0,14.0,0.25,"2023-04-09","Houston","Excellent","['Excellent']",9,4,6,2023,9
9.0,5.0,0.75,"2023-01-24","Phoenix","Good","['Good']",4,1,1,2023,24
6.0,9.0,0.25,"2023-04-09","Los Angeles","Good","['Good']",4,4,6,2023,9
9.0,1.0,0.25,"2023-04-26","New York","Excellent","['Excellent']",9,4,2,2023,26
13.0,7.0,1.0,"2023-03-08","New York","Good","['Good']",4,3,2,2023,8
28.0,12.0,0.5,"2023-02-23","Houston","Excellent","['Excellent']",9,2,3,2023,23
12.0,5.0,0.25,"2023-03-08","Chicago","Excellent","['Excellent']",9,3,2,2023,8
8.0,7.0,0.0,"2023-01-24","Chicago","Average","['Average']",7,1,1,2023,24
6.0,4.0,0.75,"2023-04-24","Los Angeles","Could be better","['Could', 'be', 'better']",15,4,0,2023,24
8.0,3.0,0.75,"2023-02-01","Los Angeles","Excellent","['Excellent']",9,2,2,2023,1
18.0,9.0,0.0,"2023-06-24","Los Angeles","Excellent","['Excellent']",9,6,5,2023,24
3.0,11.0,0.0,"2023-03-27","Phoenix","Could be better","['Could', 'be', 'better']",15,3,0,2023,27
22.0,8.0,0.5,"2023-05-31","Chicago","Good","['Good']",4,5,2,2023,31
12.0,1.0,1.0,"2023-05-07","Los Angeles","Good","['Good']",4,5,6,2023,7
12.0,4.0,0.5,"2023-06-25","New York","Good","['Good']",4,6,6,2023,25
2.0,8.0,1.0,"2023-02-08","Chicago","Good","['Good']",4,2,2,2023,8
6.0,3.0,0.5,"2023-06-19","Houston","Poor","['Poor']",4,6,0,2023,19
17.0,13.0,0.25,"2023-01-26","Houston","Poor","['Poor']",4,1,3,2023,26
3.0,9.0,0.5,"2023-04-09","Houston","Could be better","['Could', 'be', 'better']",15,4,6,2023,9
2.0,13.0,0.0,"2023-02-19","Phoenix","Good","['Good']",4,2,6,2023,19
4.0,12.0,0.5,"2023-02-05","Phoenix","Average","['Average']",7,2,6,2023,5
13.0,4.0,0.0,"2023-01-20","Phoenix","Poor","['Poor']",4,1,4,2023,20
29.0,10.0,0.25,"2023-03-06","Chicago","Good","['Good']",4,3,0,2023,6
25.0,9.0,1.0,"2023-05-24","Phoenix","Good","['Good']",4,5,2,2023,24
25.0,4.0,0.0,"2023-04-02","Los Angeles","Average","['Average']",7,4,6,2023,2
17.0,6.0,0.0,"2023-03-27","Chicago","Poor","['Poor']",4,3,0,2023,27
16.0,9.0,0.25,"2023-02-20","New York","Average","['Average']",7,2,0,2023,20
12.0,1.0,0.5,"2023-06-02","Chicago","Excellent","['Excellent']",9,6,4,2023,2
8.0,11.0,0.25,"2023-03-04","Houston","Average","['Average']",7,3,5,2023,4
20.0,10.0,0.0,"2023-05-05","Chicago","Poor","['Poor']",4,5,4,2023,5
3.0,12.0,0.5,"2023-05-30","Phoenix","Good","['Good']",4,5,1,2023,30
13.0,10.0,0.5,"2023-02-27","New York","Poor","['Poor']",4,2,0,2023,27
19.0,9.0,0.5,"2023-06-29","New York","Excellent","['Excellent']",9,6,3,2023,29
22.0,11.0,0.75,"2023-03-11","Los Angeles","Poor","['Poor']",4,3,5,2023,11
20.0,3.0,0.25,"2023-02-23","Phoenix","Poor","['Poor']",4,2,3,2023,23
1.0,8.0,1.0,"2023-03-01","Chicago","Excellent","['Excellent']",9,3,2,2023,1
6.0,11.0,0.0,"2023-01-06","Houston","Poor","['Poor']",4,1,4,2023,6
22.0,11.0,0.5,"2023-04-19","Chicago","Average","['Average']",7,4,2,2023,19
18.0,1.0,0.25,"2023-04-26","Phoenix","Poor","['Poor']",4,4,2,2023,26
8.0,1.0,0.75,"2023-04-04","Chicago","Could be better","['Could', 'be', 'better']",15,4,1,2023,4
16.0,6.0,0.5,"2023-06-17","Los Angeles","Poor","['Poor']",4,6,5,2023,17
12.0,12.0,0.5,"2023-02-21","Houston","Good","['Good']",4,2,1,2023,21
20.0,9.0,0.0,"2023-01-13","Chicago","Poor","['Poor']",4,1,4,2023,13
29.0,2.0,0.25,"2023-05-04","Houston","Poor","['Poor']",4,5,3,2023,4
14.0,10.0,0.5,"2023-04-16","Los Angeles","Excellent","['Excellent']",9,4,6,2023,16
4.0,1.0,1.0,"2023-06-07","Chicago","Could be better","['Could', 'be', 'better']",15,6,2,2023,7
13.0,4.0,0.0,"2023-03-04","Phoenix","Could be better","['Could', 'be', 'better']",15,3,5,2023,4
2.0,9.0,0.75,"2023-01-19","Chicago","Poor","['Poor']",4,1,3,2023,19
21.0,8.0,0.25,"2023-02-27","Chicago","Poor","['Poor']",4,2,0,2023,27
9.0,6.0,0.75,"2023-01-23","Los Angeles","Poor","['Poor']",4,1,0,2023,23
1.0,11.0,0.5,"2023-05-07","Los Angeles","Excellent","['Excellent']",9,5,6,2023,7
11.0,2.0,0.25,"2023-05-17","Phoenix","Could be better","['Could', 'be', 'better']",15,5,2,2023,17
18.0,6.0,0.75,"2023-02-03","New York","Excellent","['Excellent']",9,2,4,2023,3
23.0,6.0,0.75,"2023-04-06","Chicago","Excellent","['Excellent']",9,4,3,2023,6
6.0,14.0,1.0,"2023-05-06","Chicago","Good","['Good']",4,5,5,2023,6
22.0,14.0,0.5,"2023-02-17","Chicago","Could be better","['Could', 'be', 'better']",15,2,4,2023,17
15.0,14.0,1.0,"2023-04-27","Los Angeles","Poor","['Poor']",4,4,3,2023,27
22.0,10.0,0.0,"2023-05-09","Phoenix","Poor","['Poor']",4,5,1,2023,9
5.0,13.0,1.0,"2023-03-10","Los Angeles","Could be better","['Could', 'be', 'better']",15,3,4,2023,10
10.0,3.0,0.25,"2023-04-03","Chicago","Good","['Good']",4,4,0,2023,3
17.0,13.0,0.5,"2023-05-24","New York","Could be better","['Could', 'be', 'better']",15,5,2,2023,24
24.0,1.0,0.25,"2023-04-04","Phoenix","Could be better","['Could', 'be', 'better']",15,4,1,2023,4
10.0,1.0,1.0,"2023-05-24","New York","Good","['Good']",4,5,2,2023,24
3.0,2.0,1.0,"2023-02-08","Chicago","Could be better","['Could', 'be', 'better']",15,2,2,2023,8
16.0,11.0,1.0,"2023-04-10","Los Angeles","Good","['Good']",4,4,0,2023,10
7.0,12.0,1.0,"2023-02-02","New York","Poor","['Poor']",4,2,3,2023,2
14.0,6.0,0.75,"2023-01-23","Phoenix","Could be better","['Could', 'be', 'better']",15,1,0,2023,23
9.0,9.0,0.5,"2023-01-10","New York","Excellent","['Excellent']",9,1,1,2023,10
15.0,4.0,0.75,"2023-03-10","Los Angeles","Good","['Good']",4,3,4,2023,10
3.0,12.0,1.0,"2023-02-03","Chicago","Could be better","['Could', 'be', 'better']",15,2,4,2023,3
2.0,8.0,0.25,"2023-06-29","Houston","Could be better","['Could', 'be', 'better']",15,6,3,2023,29
2.0,10.0,1.0,"2023-05-27","Phoenix","Excellent","['Excellent']",9,5,5,2023,27
18.0,9.0,0.75,"2023-01-01","Houston","Good","['Good']",4,1,6,2023,1
14.0,12.0,1.0,"2023-03-10","Los Angeles","Poor","['Poor']",4,3,4,2023,10
25.0,2.0,0.75,"2023-03-21","Chicago","Average","['Average']",7,3,1,2023,21
29.0,7.0,0.25,"2023-06-09","Chicago","Could be better","['Could', 'be', 'better']",15,6,4,2023,9
22.0,6.0,1.0,"2023-03-25","Houston","Average","['Average']",7,3,5,2023,25
1.0,6.0,1.0,"2023-06-12","Houston","Excellent","['Excellent']",9,6,0,2023,12
14.0,4.0,0.5,"2023-05-04","Chicago","Excellent","['Excellent']",9,5,3,2023,4
16.0,12.0,0.25,"2023-02-02","Los Angeles","Good","['Good']",4,2,3,2023,2
14.0,13.0,0.5,"2023-06-28","Houston","Could be better","['Could', 'be', 'better']",15,6,2,2023,28
29.0,11.0,0.5,"2023-06-20","Houston","Could be better","['Could', 'be', 'better']",15,6,1,2023,20
20.0,13.0,0.5,"2023-04-11","Los Angeles","Average","['Average']",7,4,1,2023,11
25.0,5.0,0.75,"2023-06-17","New York","Poor","['Poor']",4,6,5,2023,17
13.0,2.0,0.75,"2023-03-15","Chicago","Poor","['Poor']",4,3,2,2023,15
21.0,2.0,0.0,"2023-02-12","New York","Poor","['Poor']",4,2,6,2023,12
2.0,7.0,0.5,"2023-02-13","Chicago","Poor","['Poor']",4,2,0,2023,13
2.0,10.0,0.5,"2023-01-12","Houston","Good","['Good']",4,1,3,2023,12
4.0,8.0,0.75,"2023-04-05","Chicago","Could be better","['Could', 'be', 'better']",15,4,2,2023,5
25.0,14.0,0.0,"2023-02-15","Phoenix","Average","['Average']",7,2,2,2023,15
4.0,14.0,0.0,"2023-02-04","New York","Excellent","['Excellent']",9,2,5,2023,4
28.0,11.0,0.25,"2023-03-31","Phoenix","Good","['Good']",4,3,4,2023,31
12.0,7.0,0.25,"2023-01-08","Phoenix","Poor","['Poor']",4,1,6,2023,8
28.0,1.0,1.0,"2023-04-03","New York","Good","['Good']",4,4,0,2023,3
13.0,11.0,0.75,"2023-06-03","New York","Average","['Average']",7,6,5,2023,3
14.0,4.0,0.5,"2023-03-31","Chicago","Good","['Good']",4,3,4,2023,31
18.0,2.0,1.0,"2023-04-25","Phoenix","Could be better","['Could', 'be', 'better']",15,4,1,2023,25
28.0,13.0,0.25,"2023-05-15","New York","Could be better","['Could', 'be', 'better']",15,5,0,2023,15
2.0,5.0,0.25,"2023-06-06","Los Angeles","Could be better","['Could', 'be', 'better']",15,6,1,2023,6
19.0,12.0,0.25,"2023-06-13","Phoenix","Could be better","['Could', 'be', 'better']",15,6,1,2023,13
10.0,5.0,0.5,"2023-06-26","New York","Average","['Average']",7,6,0,2023,26
2.0,10.0,0.0,"2023-02-05","Chicago","Could be better","['Could', 'be', 'better']",15,2,6,2023,5
11.0,12.0,1.0,"2023-04-06","Houston","Average","['Average']",7,4,3,2023,6
29.0,2.0,0.5,"2023-05-31","New York","Good","['Good']",4,5,2,2023,31
15.0,8.0,0.25,"2023-01-12","Los Angeles","Average","['Average']",7,1,3,2023,12
9.0,11.0,0.5,"2023-04-23","New York","Poor","['Poor']",4,4,6,2023,23
23.0,6.0,0.75,"2023-01-13","Phoenix","Average","['Average']",7,1,4,2023,13
19.0,13.0,0.5,"2023-03-25","Houston","Poor","['Poor']",4,3,5,2023,25
7.0,10.0,0.0,"2023-04-22","Chicago","Poor","['Poor']",4,4,5,2023,22
16.0,4.0,0.5,"2023-03-27","Houston","Average","['Average']",7,3,0,2023,27
16.0,9.0,1.0,"2023-05-21","Los Angeles","Could be better","['Could', 'be', 'better']",15,5,6,2023,21
1.0,8.0,0.25,"2023-06-26","Chicago","Excellent","['Excellent']",9,6,0,2023,26
4.0,7.0,0.25,"2023-04-10","New York","Good","['Good']",4,4,0,2023,10
8.0,3.0,0.0,"2023-03-17","Chicago","Excellent","['Excellent']",9,3,4,2023,17
17.0,1.0,0.5,"2023-01-09","Los Angeles","Could be better","['Could', 'be', 'better']",15,1,0,2023,9
5.0,9.0,0.75,"2023-01-28","Los Angeles","Excellent","['Excellent']",9,1,5,2023,28
20.0,1.0,1.0,"2023-03-24","Phoenix","Poor","['Poor']",4,3,4,2023,24
20.0,4.0,0.25,"2023-05-24","Houston","Good","['Good']",4,5,2,2023,24
28.0,5.0,0.75,"2023-03-10","New York","Average","['Average']",7,3,4,2023,10
6.0,14.0,0.75,"2023-04-09","Los Angeles","Could be better","['Could', 'be', 'better']",15,4,6,2023,9
18.0,3.0,0.25,"2023-01-25","Chicago","Poor","['Poor']",4,1,2,2023,25
29.0,11.0,0.5,"2023-02-22","New York","Good","['Good']",4,2,2,2023,22
14.0,4.0,0.25,"2023-02-11","New York","Could be better","['Could', 'be', 'better']",15,2,5,2023,11
7.0,13.0,0.5,"2023-06-16","Los Angeles","Average","['Average']",7,6,4,2023,16
29.0,5.0,0.5,"2023-05-02","New York","Excellent","['Excellent']",9,5,1,2023,2
27.0,2.0,0.5,"2023-03-17","Chicago","Excellent","['Excellent']",9,3,4,2023,17
21.0,1.0,0.5,"2023-01-09","New York","Average","['Average']",7,1,0,2023,9
21.0,4.0,0.0,"2023-06-23","Los Angeles","Excellent","['Excellent']",9,6,4,2023,23
10.0,4.0,1.0,"2023-05-21","Phoenix","Could be better","['Could', 'be', 'better']",15,5,6,2023,21
23.0,7.0,0.25,"2023-06-17","Los Angeles","Excellent","['Excellent']",9,6,5,2023,17
24.0,11.0,0.25,"2023-05-17","Chicago","Good","['Good']",4,5,2,2023,17
5.0,9.0,1.0,"2023-01-27","Chicago","Good","['Good']",4,1,4,2023,27
13.0,5.0,0.5,"2023-01-05","Chicago","Average","['Average']",7,1,3,2023,5
21.0,10.0,0.25,"2023-01-29","Houston","Average","['Average']",7,1,6,2023,29
26.0,1.0,1.0,"2023-06-14","New York","Poor","['Poor']",4,6,2,2023,14
18.0,1.0,0.5,"2023-06-15","Los Angeles","Poor","['Poor']",4,6,3,2023,15
13.0,6.0,1.0,"2023-03-24","Chicago","Could be better","['Could', 'be', 'better']",15,3,4,2023,24
21.0,8.0,0.0,"2023-04-19","Chicago","Excellent","['Excellent']",9,4,2,2023,19
18.0,13.0,0.75,"2023-03-06","Phoenix","Excellent","['Excellent']",9,3,0,2023,6
13.0,13.0,0.5,"2023-05-25","Chicago","Excellent","['Excellent']",9,5,3,2023,25
17.0,5.0,0.0,"2023-02-14","Phoenix","Poor","['Poor']",4,2,1,2023,14
17.0,8.0,0.25,"2023-02-05","Houston","Good","['Good']",4,2,6,2023,5
28.0,3.0,0.0,"2023-03-11","Houston","Average","['Average']",7,3,5,2023,11
11.0,5.0,0.25,"2023-06-08","Houston","Good","['Good']",4,6,3,2023,8
26.0,3.0,0.0,"2023-03-31","Phoenix","Could be better","['Could', 'be', 'better']",15,3,4,2023,31
4.0,13.0,0.25,"2023-01-19","Chicago","Excellent","['Excellent']",9,1,3,2023,19
18.0,10.0,0.25,"2023-05-06","Los Angeles","Excellent","['Excellent']",9,5,5,2023,6
3.0,5.0,0.5,"2023-05-28","Phoenix","Poor","['Poor']",4,5,6,2023,28
29.0,14.0,0.75,"2023-05-07","Los Angeles","Poor","['Poor']",4,5,6,2023,7
10.0,4.0,0.0,"2023-05-11","Chicago","Excellent","['Excellent']",9,5,3,2023,11
9.0,8.0,1.0,"2023-06-10","Houston","Average","['Average']",7,6,5,2023,10
24.0,3.0,0.75,"2023-04-27","Los Angeles","Good","['Good']",4,4,3,2023,27
1.0,12.0,0.25,"2023-02-13","Houston","Poor","['Poor']",4,2,0,2023,13
2.0,14.0,0.5,"2023-06-22","Houston","Could be better","['Could', 'be', 'better']",15,6,3,2023,22
28.0,9.0,0.5,"2023-06-09","New York","Excellent","['Excellent']",9,6,4,2023,9
10.0,3.0,0.25,"2023-05-29","Chicago","Poor","['Poor']",4,5,0,2023,29
18.0,5.0,0.25,"2023-03-21","Los Angeles","Average","['Average']",7,3,1,2023,21
26.0,1.0,0.75,"2023-04-28","Houston","Could be better","['Could', 'be', 'better']",15,4,4,2023,28
8.0,8.0,0.5,"2023-05-27","Houston","Good","['Good']",4,5,5,2023,27
21.0,11.0,0.75,"2023-01-20","New York","Poor","['Poor']",4,1,4,2023,20
23.0,4.0,0.5,"2023-02-18","New York","Poor","['Poor']",4,2,5,2023,18
22.0,8.0,0.0,"2023-01-01","New York","Excellent","['Excellent']",9,1,6,2023,1
8.0,10.0,0.0,"2023-04-27","Los Angeles","Good","['Good']",4,4,3,2023,27
17.0,2.0,0.75,"2023-01-03","New York","Poor","['Poor']",4,1,1,2023,3
28.0,9.0,0.25,"2023-05-24","Chicago","Excellent","['Excellent']",9,5,2,2023,24
23.0,1.0,0.5,"2023-01-12","Phoenix","Could be better","['Could', 'be', 'better']",15,1,3,2023,12
12.0,7.0,1.0,"2023-06-05","Chicago","Could be better","['Could', 'be', 'better']",15,6,0,2023,5
1.0,13.0,0.75,"2023-04-27","Los Angeles","Could be better","['Could', 'be', 'better']",15,4,3,2023,27
23.0,5.0,1.0,"2023-01-08","New York","Could be better","['Could', 'be', 'better']",15,1,6,2023,8
5.0,14.0,0.5,"2023-05-02","New York","Average","['Average']",7,5,1,2023,2
8.0,5.0,0.5,"2023-04-02","Los Angeles","Could be better","['Could', 'be', 'better']",15,4,6,2023,2
23.0,13.0,0.0,"2023-03-01","Phoenix","Average","['Average']",7,3,2,2023,1
19.0,6.0,0.5,"2023-02-10","Chicago","Excellent","['Excellent']",9,2,4,2023,10
24.0,5.0,0.75,"2023-06-04","Houston","Average","['Average']",7,6,6,2023,4
8.0,5.0,1.0,"2023-05-14","Los Angeles","Could be better","['Could', 'be', 'better']",15,5,6,2023,14
11.0,3.0,0.5,"2023-06-02","Phoenix","Poor","['Poor']",4,6,4,2023,2
7.0,12.0,0.5,"2023-04-19","New York","Good","['Good']",4,4,2,2023,19
19.0,6.0,0.0,"2023-01-05","Chicago","Excellent","['Excellent']",9,1,3,2023,5
19.0,4.0,0.5,"2023-02-02","Houston","Poor","['Poor']",4,2,3,2023,2
11.0,9.0,0.5,"2023-04-28","Chicago","Average","['Average']",7,4,4,2023,28
17.0,3.0,0.0,"2023-06-26","Chicago","Excellent","['Excellent']",9,6,0,2023,26
8.0,14.0,0.5,"2023-06-10","New York","Could be better","['Could', 'be', 'better']",15,6,5,2023,10
8.0,9.0,0.25,"2023-04-08","Phoenix","Good","['Good']",4,4,5,2023,8
2.0,6.0,0.75,"2023-05-09","Houston","Excellent","['Excellent']",9,5,1,2023,9
4.0,6.0,0.5,"2023-04-12","Houston","Poor","['Poor']",4,4,2,2023,12
9.0,8.0,0.5,"2023-01-23","Chicago","Could be better","['Could', 'be', 'better']",15,1,0,2023,23
25.0,11.0,0.5,"2023-06-14","Phoenix","Could be better","['Could', 'be', 'better']",15,6,2,2023,14
18.0,10.0,0.75,"2023-03-26","Chicago","Poor","['Poor']",4,3,6,2023,26
4.0,14.0,0.0,"2023-01-01","Chicago","Average","['Average']",7,1,6,2023,1
8.0,11.0,0.0,"2023-01-04","Houston","Poor","['Poor']",4,1,2,2023,4
28.0,4.0,1.0,"2023-03-13","Los Angeles","Could be better","['Could', 'be', 'better']",15,3,0,2023,13
10.0,5.0,0.5,"2023-06-11","Houston","Poor","['Poor']",4,6,6,2023,11
15.0,5.0,0.75,"2023-04-28","Houston","Could be better","['Could', 'be', 'better']",15,4,4,2023,28
17.0,6.0,0.5,"2023-01-03","Los Angeles","Could be better","['Could', 'be', 'better']",15,1,1,2023,3
23.0,9.0,0.75,"2023-01-12","New York","Average","['Average']",7,1,3,2023,12
25.0,4.0,0.75,"2023-05-13","Los Angeles","Poor","['Poor']",4,5,5,2023,13
27.0,9.0,0.75,"2023-05-25","Los Angeles","Good","['Good']",4,5,3,2023,25
14.0,8.0,0.0,"2023-04-22","New York","Average","['Average']",7,4,5,2023,22
28.0,2.0,0.75,"2023-02-16","Houston","Poor","['Poor']",4,2,3,2023,16
18.0,11.0,0.5,"2023-05-22","Phoenix","Average","['Average']",7,5,0,2023,22
22.0,6.0,0.5,"2023-03-07","Chicago","Average","['Average']",7,3,1,2023,7
20.0,1.0,0.5,"2023-03-16","Los Angeles","Average","['Average']",7,3,3,2023,16
21.0,10.0,0.5,"2023-04-13","Houston","Excellent","['Excellent']",9,4,3,2023,13
12.0,7.0,1.0,"2023-06-15","Los Angeles","Excellent","['Excellent']",9,6,3,2023,15
14.0,14.0,0.75,"2023-02-19","Houston","Excellent","['Excellent']",9,2,6,2023,19
17.0,9.0,0.0,"2023-04-08","New York","Excellent","['Excellent']",9,4,5,2023,8
24.0,1.0,0.5,"2023-03-23","Houston","Could be better","['Could', 'be', 'better']",15,3,3,2023,23
3.0,11.0,0.75,"2023-03-20","Houston","Excellent","['Excellent']",9,3,0,2023,20
23.0,13.0,1.0,"2023-06-28","Houston","Average","['Average']",7,6,2,2023,28
9.0,6.0,0.75,"2023-01-30","New York","Excellent","['Excellent']",9,1,0,2023,30
21.0,5.0,0.5,"2023-03-22","Phoenix","Could be better","['Could', 'be', 'better']",15,3,2,2023,22
21.0,1.0,0.5,"2023-01-29","Los Angeles","Average","['Average']",7,1,6,2023,29
8.0,1.0,1.0,"2023-05-12","Phoenix","Could be better","['Could', 'be', 'better']",15,5,4,2023,12
14.0,12.0,0.75,"2023-05-18","Los Angeles","Average","['Average']",7,5,3,2023,18
8.0,13.0,0.0,"2023-05-25","Los Angeles","Could be better","['Could', 'be', 'better']",15,5,3,2023,25
7.0,1.0,0.5,"2023-01-17","Los Angeles","Poor","['Poor']",4,1,1,2023,17
22.0,4.0,0.5,"2023-01-06","New York","Good","['Good']",4,1,4,2023,6
25.0,1.0,0.5,"2023-02-12","New York","Excellent","['Excellent']",9,2,6,2023,12
22.0,3.0,0.5,"2023-04-25","Los Angeles","Poor","['Poor']",4,4,1,2023,25
29.0,10.0,0.5,"2023-05-24","Chicago","Excellent","['Excellent']",9,5,2,2023,24
15.0,14.0,0.5,"2023-05-12","Los Angeles","Average","['Average']",7,5,4,2023,12
20.0,2.0,0.0,"2023-04-14","Los Angeles","Excellent","['Excellent']",9,4,4,2023,14
19.0,8.0,0.5,"2023-06-04","Los Angeles","Could be better","['Could', 'be', 'better']",15,6,6,2023,4
24.0,13.0,0.75,"2023-06-09","New York","Poor","['Poor']",4,6,4,2023,9
29.0,8.0,0.75,"2023-01-21","Phoenix","Average","['Average']",7,1,5,2023,21
1.0,3.0,0.25,"2023-01-05","New York","Average","['Average']",7,1,3,2023,5
22.0,5.0,0.75,"2023-03-02","Chicago","Could be better","['Could', 'be', 'better']",15,3,3,2023,2
19.0,11.0,0.5,"2023-01-22","Houston","Good","['Good']",4,1,6,2023,22
7.0,13.0,1.0,"2023-01-01","Houston","Excellent","['Excellent']",9,1,6,2023,1
15.0,3.0,1.0,"2023-01-12","Houston","Good","['Good']",4,1,3,2023,12
5.0,12.0,1.0,"2023-02-15","New York","Poor","['Poor']",4,2,2,2023,15
26.0,9.0,0.5,"2023-02-14","Chicago","Poor","['Poor']",4,2,1,2023,14
16.0,4.0,0.0,"2023-06-04","Los Angeles","Average","['Average']",7,6,6,2023,4
1.0,12.0,0.5,"2023-01-26","Los Angeles","Average","['Average']",7,1,3,2023,26
5.0,2.0,0.5,"2023-05-01","Chicago","Could be better","['Could', 'be', 'better']",15,5,0,2023,1
3.0,8.0,0.0,"2023-02-25","Los Angeles","Poor","['Poor']",4,2,5,2023,25
4.0,3.0,0.25,"2023-04-17","Los Angeles","Could be better","['Could', 'be', 'better']",15,4,0,2023,17
3.0,5.0,0.75,"2023-02-17","Chicago","Could be better","['Could', 'be', 'better']",15,2,4,2023,17
2.0,7.0,0.0,"2023-03-22","New York","Average","['Average']",7,3,2,2023,22
11.0,14.0,1.0,"2023-01-26","Los Angeles","Average","['Average']",7,1,3,2023,26
10.0,7.0,0.75,"2023-01-01","Phoenix","Average","['Average']",7,1,6,2023,1
27.0,3.0,0.0,"2023-06-29","Houston","Good","['Good']",4,6,3,2023,29
16.0,8.0,0.0,"2023-01-14","Houston","Poor","['Poor']",4,1,5,2023,14
13.0,12.0,0.75,"2023-01-28","Houston","Could be better","['Could', 'be', 'better']",15,1,5,2023,28
20.0,1.0,0.5,"2023-05-10","Chicago","Could be better","['Could', 'be', 'better']",15,5,2,2023,10
12.0,12.0,0.5,"2023-01-03","Houston","Average","['Average']",7,1,1,2023,3
2.0,9.0,0.0,"2023-02-07","Houston","Could be better","['Could', 'be', 'better']",15,2,1,2023,7
20.0,5.0,0.25,"2023-04-29","Phoenix","Poor","['Poor']",4,4,5,2023,29
23.0,1.0,0.75,"2023-03-27","New York","Average","['Average']",7,3,0,2023,27
6.0,14.0,0.25,"2023-05-06","New York","Excellent","['Excellent']",9,5,5,2023,6
26.0,6.0,0.5,"2023-01-13","Houston","Excellent","['Excellent']",9,1,4,2023,13
15.0,11.0,0.25,"2023-03-09","Houston","Good","['Good']",4,3,3,2023,9
4.0,14.0,0.0,"2023-03-08","Phoenix","Excellent","['Excellent']",9,3,2,2023,8
10.0,4.0,0.25,"2023-05-26","Los Angeles","Excellent","['Excellent']",9,5,4,2023,26
3.0,4.0,0.25,"2023-02-03","Phoenix","Excellent","['Excellent']",9,2,4,2023,3
6.0,7.0,0.75,"2023-06-17","Chicago","Poor","['Poor']",4,6,5,2023,17
10.0,8.0,0.25,"2023-01-06","Houston","Excellent","['Excellent']",9,1,4,2023,6
14.0,13.0,0.0,"2023-01-26","Houston","Poor","['Poor']",4,1,3,2023,26
25.0,10.0,0.5,"2023-04-19","Houston","Poor","['Poor']",4,4,2,2023,19
17.0,8.0,0.0,"2023-05-30","Chicago","Could be better","['Could', 'be', 'better']",15,5,1,2023,30
7.0,14.0,0.25,"2023-03-11","Phoenix","Average","['Average']",7,3,5,2023,11
4.0,13.0,0.0,"2023-04-22","Houston","Good","['Good']",4,4,5,2023,22
29.0,10.0,1.0,"2023-01-04","Houston","Poor","['Poor']",4,1,2,2023,4
5.0,10.0,0.75,"2023-04-04","Chicago","Average","['Average']",7,4,1,2023,4
23.0,14.0,0.5,"2023-02-24","Chicago","Average","['Average']",7,2,4,2023,24
20.0,9.0,0.5,"2023-05-17","Houston","Poor","['Poor']",4,5,2,2023,17
4.0,5.0,0.5,"2023-05-11","Phoenix","Poor","['Poor']",4,5,3,2023,11
24.0,10.0,0.0,"2023-02-09","Los Angeles","Excellent","['Excellent']",9,2,3,2023,9
28.0,1.0,0.5,"2023-03-16","Houston","Poor","['Poor']",4,3,3,2023,16
19.0,12.0,0.5,"2023-01-04","Los Angeles","Could be better","['Could', 'be', 'better']",15,1,2,2023,4
17.0,7.0,0.5,"2023-03-20","Chicago","Good","['Good']",4,3,0,2023,20
14.0,11.0,0.75,"2023-05-14","Phoenix","Average","['Average']",7,5,6,2023,14
6.0,12.0,0.5,"2023-05-16","Los Angeles","Could be better","['Could', 'be', 'better']",15,5,1,2023,16
21.0,8.0,0.5,"2023-01-26","New York","Excellent","['Excellent']",9,1,3,2023,26
4.0,10.0,0.5,"2023-06-28","Phoenix","Could be better","['Could', 'be', 'better']",15,6,2,2023,28
16.0,6.0,0.25,"2023-02-13","Houston","Could be better","['Could', 'be', 'better']",15,2,0,2023,13
4.0,11.0,0.75,"2023-03-11","Phoenix","Poor","['Poor']",4,3,5,2023,11
23.0,7.0,0.5,"2023-06-03","Chicago","Good","['Good']",4,6,5,2023,3
23.0,11.0,0.25,"2023-03-09","Los Angeles","Excellent","['Excellent']",9,3,3,2023,9
20.0,4.0,1.0,"2023-04-23","Phoenix","Poor","['Poor']",4,4,6,2023,23
17.0,11.0,0.0,"2023-05-20","Los Angeles","Average","['Average']",7,5,5,2023,20
28.0,6.0,0.25,"2023-01-01","Houston","Good","['Good']",4,1,6,2023,1
27.0,4.0,0.25,"2023-03-31","New York","Excellent","['Excellent']",9,3,4,2023,31
22.0,2.0,0.5,"2023-05-06","Chicago","Poor","['Poor']",4,5,5,2023,6
17.0,2.0,0.25,"2023-03-18","New York","Could be better","['Could', 'be', 'better']",15,3,5,2023,18
4.0,3.0,1.0,"2023-06-10","Houston","Could be better","['Could', 'be', 'better']",15,6,5,2023,10
16.0,11.0,0.0,"2023-06-27","New York","Good","['Good']",4,6,1,2023,27
15.0,9.0,0.75,"2023-06-21","New York","Could be better","['Could', 'be', 'better']",15,6,2,2023,21
14.0,11.0,0.5,"2023-05-10","New York","Good","['Good']",4,5,2,2023,10
28.0,4.0,0.5,"2023-01-13","Chicago","Good","['Good']",4,1,4,2023,13
7.0,12.0,0.0,"2023-05-10","New York","Average","['Average']",7,5,2,2023,10
26.0,13.0,1.0,"2023-03-06","New York","Average","['Average']",7,3,0,2023,6
16.0,4.0,0.75,"2023-03-04","Chicago","Could be better","['Could', 'be', 'better']",15,3,5,2023,4
29.0,9.0,0.5,"2023-01-09","Chicago","Could be better","['Could', 'be', 'better']",15,1,0,2023,9
13.0,6.0,1.0,"2023-06-12","Chicago","Average","['Average']",7,6,0,2023,12
11.0,3.0,0.75,"2023-04-04","Chicago","Could be better","['Could', 'be', 'better']",15,4,1,2023,4
17.0,4.0,0.25,"2023-06-27","Houston","Excellent","['Excellent']",9,6,1,2023,27
27.0,2.0,0.75,"2023-03-19","Houston","Poor","['Poor']",4,3,6,2023,19
13.0,14.0,0.5,"2023-04-27","New York","Good","['Good']",4,4,3,2023,27
19.0,12.0,0.0,"2023-06-11","New York","Good","['Good']",4,6,6,2023,11
10.0,1.0,0.75,"2023-03-17","Chicago","Could be better","['Could', 'be', 'better']",15,3,4,2023,17
3.0,1.0,0.5,"2023-02-04","Phoenix","Poor","['Poor']",4,2,5,2023,4
14.0,13.0,0.25,"2023-01-01","Houston","Could be better","['Could', 'be', 'better']",15,1,6,2023,1
26.0,4.0,0.5,"2023-02-09","New York","Could be better","['Could', 'be', 'better']",15,2,3,2023,9
5.0,1.0,0.5,"2023-05-30","Los Angeles","Poor","['Poor']",4,5,1,2023,30
29.0,9.0,0.25,"2023-03-01","New York","Poor","['Poor']",4,3,2,2023,1
10.0,4.0,0.5,"2023-04-15","Houston","Poor","['Poor']",4,4,5,2023,15
5.0,9.0,0.25,"2023-01-14","Los Angeles","Average","['Average']",7,1,5,2023,14
4.0,13.0,0.75,"2023-03-01","Los Angeles","Poor","['Poor']",4,3,2,2023,1
18.0,10.0,0.5,"2023-05-03","Houston","Could be better","['Could', 'be', 'better']",15,5,2,2023,3
25.0,2.0,0.5,"2023-05-12","Houston","Poor","['Poor']",4,5,4,2023,12
6.0,4.0,0.0,"2023-02-11","Los Angeles","Poor","['Poor']",4,2,5,2023,11
22.0,5.0,1.0,"2023-05-26","Phoenix","Excellent","['Excellent']",9,5,4,2023,26
28.0,12.0,1.0,"2023-03-13","Los Angeles","Average","['Average']",7,3,0,2023,13
12.0,4.0,1.0,"2023-02-08","Phoenix","Average","['Average']",7,2,2,2023,8
20.0,9.0,0.5,"2023-02-01","Houston","Poor","['Poor']",4,2,2,2023,1
7.0,10.0,1.0,"2023-02-22","Phoenix","Average","['Average']",7,2,2,2023,22
23.0,4.0,0.5,"2023-04-14","New York","Poor","['Poor']",4,4,4,2023,14
24.0,7.0,1.0,"2023-06-28","New York","Average","['Average']",7,6,2,2023,28
16.0,5.0,0.5,"2023-03-08","Los Angeles","Average","['Average']",7,3,2,2023,8
16.0,7.0,0.5,"2023-05-15","Los Angeles","Poor","['Poor']",4,5,0,2023,15
13.0,14.0,0.5,"2023-04-21","New York","Average","['Average']",7,4,4,2023,21
12.0,11.0,0.5,"2023-02-02","New York","Good","['Good']",4,2,3,2023,2
4.0,11.0,0.5,"2023-06-06","Chicago","Poor","['Poor']",4,6,1,2023,6
24.0,13.0,0.0,"2023-02-07","Chicago","Average","['Average']",7,2,1,2023,7
25.0,11.0,0.5,"2023-01-10","Los Angeles","Poor","['Poor']",4,1,1,2023,10
4.0,14.0,0.0,"2023-05-03","Los Angeles","Could be better","['Could', 'be', 'better']",15,5,2,2023,3
1.0,10.0,0.0,"2023-04-07","Chicago","Average","['Average']",7,4,4,2023,7
7.0,6.0,0.75,"2023-02-07","Chicago","Average","['Average']",7,2,1,2023,7
6.0,3.0,0.0,"2023-05-21","Phoenix","Excellent","['Excellent']",9,5,6,2023,21
24.0,13.0,0.5,"2023-04-19","Los Angeles","Could be better","['Could', 'be', 'better']",15,4,2,2023,19
20.0,14.0,0.0,"2023-01-15","Chicago","Excellent","['Excellent']",9,1,6,2023,15
7.0,1.0,0.0,"2023-06-06","New York","Could be better","['Could', 'be', 'better']",15,6,1,2023,6
21.0,7.0,0.75,"2023-02-16","Chicago","Good","['Good']",4,2,3,2023,16
26.0,11.0,0.5,"2023-03-17","Houston","Average","['Average']",7,3,4,2023,17
24.0,8.0,0.0,"2023-05-10","New York","Excellent","['Excellent']",9,5,2,2023,10
25.0,14.0,0.0,"2023-04-05","Houston","Could be better","['Could', 'be', 'better']",15,4,2,2023,5
18.0,13.0,0.5,"2023-01-26","Chicago","Excellent","['Excellent']",9,1,3,2023,26
3.0,11.0,0.25,"2023-01-27","New York","Average","['Average']",7,1,4,2023,27
26.0,7.0,1.0,"2023-05-28","Houston","Poor","['Poor']",4,5,6,2023,28
24.0,12.0,0.5,"2023-03-15","Phoenix","Poor","['Poor']",4,3,2,2023,15
12.0,2.0,0.75,"2023-03-31","Los Angeles","Excellent","['Excellent']",9,3,4,2023,31
1.0,2.0,0.75,"2023-05-21","Chicago","Could be better","['Could', 'be', 'better']",15,5,6,2023,21
4.0,11.0,0.75,"2023-04-14","Chicago","Excellent","['Excellent']",9,4,4,2023,14
7.0,6.0,0.25,"2023-04-10","Houston","Poor","['Poor']",4,4,0,2023,10
23.0,8.0,0.25,"2023-05-13","Los Angeles","Average","['Average']",7,5,5,2023,13
1.0,4.0,0.5,"2023-04-30","Houston","Poor","['Poor']",4,4,6,2023,30
29.0,11.0,1.0,"2023-05-07","Chicago","Average","['Average']",7,5,6,2023,7
2.0,12.0,0.0,"2023-04-02","Phoenix","Excellent","['Excellent']",9,4,6,2023,2
26.0,2.0,0.5,"2023-05-02","Houston","Good","['Good']",4,5,1,2023,2
9.0,11.0,0.25,"2023-02-20","Phoenix","Could be better","['Could', 'be', 'better']",15,2,0,2023,20
17.0,13.0,1.0,"2023-02-10","Houston","Poor","['Poor']",4,2,4,2023,10
2.0,6.0,0.75,"2023-05-31","Chicago","Excellent","['Excellent']",9,5,2,2023,31
14.0,13.0,0.25,"2023-02-15","New York","Poor","['Poor']",4,2,2,2023,15
2.0,6.0,0.5,"2023-05-29","Houston","Poor","['Poor']",4,5,0,2023,29
10.0,4.0,0.5,"2023-04-20","Chicago","Good","['Good']",4,4,3,2023,20
21.0,12.0,1.0,"2023-06-13","Chicago","Excellent","['Excellent']",9,6,1,2023,13
2.0,7.0,0.5,"2023-01-01","Los Angeles","Good","['Good']",4,1,6,2023,1
22.0,3.0,0.5,"2023-03-04","Chicago","Average","['Average']",7,3,5,2023,4
2.0,2.0,0.75,"2023-06-17","Phoenix","Excellent","['Excellent']",9,6,5,2023,17
10.0,9.0,0.0,"2023-05-23","Chicago","Average","['Average']",7,5,1,2023,23
2.0,1.0,0.0,"2023-05-29","Houston","Excellent","['Excellent']",9,5,0,2023,29
16.0,6.0,0.5,"2023-06-24","Phoenix","Excellent","['Excellent']",9,6,5,2023,24
19.0,5.0,0.5,"2023-05-17","New York","Good","['Good']",4,5,2,2023,17
12.0,10.0,0.75,"2023-06-03","Houston","Could be better","['Could', 'be', 'better']",15,6,5,2023,3
15.0,5.0,0.75,"2023-02-04","Chicago","Good","['Good']",4,2,5,2023,4
8.0,2.0,0.75,"2023-03-04","Chicago","Excellent","['Excellent']",9,3,5,2023,4
28.0,3.0,0.0,"2023-03-31","Los Angeles","Good","['Good']",4,3,4,2023,31
27.0,13.0,0.5,"2023-03-16","New York","Good","['Good']",4,3,3,2023,16
19.0,3.0,0.75,"2023-05-15","Phoenix","Good","['Good']",4,5,0,2023,15
17.0,4.0,1.0,"2023-06-11","Phoenix","Excellent","['Excellent']",9,6,6,2023,11
7.0,5.0,0.5,"2023-04-01","Los Angeles","Poor","['Poor']",4,4,5,2023,1
4.0,12.0,0.5,"2023-04-18","Phoenix","Good","['Good']",4,4,1,2023,18
8.0,5.0,0.75,"2023-06-10","Los Angeles","Average","['Average']",7,6,5,2023,10
15.0,10.0,0.5,"2023-01-29","Los Angeles","Average","['Average']",7,1,6,2023,29
28.0,9.0,0.75,"2023-06-03","Houston","Could be better","['Could', 'be', 'better']",15,6,5,2023,3
27.0,7.0,0.5,"2023-04-24","New York","Average","['Average']",7,4,0,2023,24
29.0,14.0,0.75,"2023-02-18","Phoenix","Excellent","['Excellent']",9,2,5,2023,18
8.0,5.0,1.0,"2023-03-25","Phoenix","Excellent","['Excellent']",9,3,5,2023,25
26.0,4.0,0.25,"2023-04-15","New York","Could be better","['Could', 'be', 'better']",15,4,5,2023,15
12.0,5.0,0.5,"2023-01-01","Los Angeles","Good","['Good']",4,1,6,2023,1
1.0,13.0,1.0,"2023-05-21","New York","Good","['Good']",4,5,6,2023,21
10.0,9.0,0.5,"2023-06-28","Los Angeles","Good","['Good']",4,6,2,2023,28
3.0,3.0,0.0,"2023-03-03","Phoenix","Good","['Good']",4,3,4,2023,3
6.0,13.0,1.0,"2023-02-01","Houston","Could be better","['Could', 'be', 'better']",15,2,2,2023,1
20.0,7.0,0.5,"2023-01-29","New York","Poor","['Poor']",4,1,6,2023,29
18.0,5.0,0.5,"2023-05-24","Chicago","Could be better","['Could', 'be', 'better']",15,5,2,2023,24
11.0,10.0,0.5,"2023-06-17","Phoenix","Good","['Good']",4,6,5,2023,17
19.0,7.0,0.25,"2023-01-19","Chicago","Good","['Good']",4,1,3,2023,19
19.0,12.0,0.75,"2023-01-01","Phoenix","Poor","['Poor']",4,1,6,2023,1
24.0,3.0,0.5,"2023-04-25","Chicago","Poor","['Poor']",4,4,1,2023,25
12.0,14.0,0.5,"2023-06-24","New York","Could be better","['Could', 'be', 'better']",15,6,5,2023,24
28.0,5.0,1.0,"2023-03-04","New York","Average","['Average']",7,3,5,2023,4
9.0,7.0,0.25,"2023-05-12","Los Angeles","Excellent","['Excellent']",9,5,4,2023,12
4.0,13.0,1.0,"2023-05-09","Phoenix","Excellent","['Excellent']",9,5,1,2023,9
5.0,14.0,1.0,"2023-01-08","Houston","Poor","['Poor']",4,1,6,2023,8
21.0,4.0,0.0,"2023-06-06","Chicago","Good","['Good']",4,6,1,2023,6
15.0,7.0,1.0,"2023-02-01","Chicago","Could be better","['Could', 'be', 'better']",15,2,2,2023,1
16.0,5.0,0.0,"2023-04-20","Chicago","Good","['Good']",4,4,3,2023,20
14.0,2.0,0.75,"2023-06-11","Phoenix","Excellent","['Excellent']",9,6,6,2023,11
10.0,12.0,0.0,"2023-02-24","Chicago","Excellent","['Excellent']",9,2,4,2023,24
6.0,6.0,0.0,"2023-05-15","Phoenix","Average","['Average']",7,5,0,2023,15
7.0,14.0,0.0,"2023-03-06","Chicago","Good","['Good']",4,3,0,2023,6
16.0,1.0,1.0,"2023-02-26","Los Angeles","Excellent","['Excellent']",9,2,6,2023,26
3.0,14.0,0.5,"2023-03-08","Chicago","Could be better","['Could', 'be', 'better']",15,3,2,2023,8
3.0,10.0,1.0,"2023-02-23","Houston","Poor","['Poor']",4,2,3,2023,23
27.0,3.0,0.5,"2023-03-08","Chicago","Could be better","['Could', 'be', 'better']",15,3,2,2023,8
11.0,10.0,0.25,"2023-04-07","Phoenix","Poor","['Poor']",4,4,4,2023,7
8.0,10.0,0.5,"2023-04-02","New York","Excellent","['Excellent']",9,4,6,2023,2
1.0,2.0,0.5,"2023-04-06","Phoenix","Could be better","['Could', 'be', 'better']",15,4,3,2023,6
23.0,9.0,0.25,"2023-03-29","New York","Could be better","['Could', 'be', 'better']",15,3,2,2023,29
5.0,12.0,0.75,"2023-02-01","New York","Average","['Average']",7,2,2,2023,1
5.0,7.0,0.5,"2023-06-14","Houston","Average","['Average']",7,6,2,2023,14
4.0,6.0,0.0,"2023-05-22","New York","Excellent","['Excellent']",9,5,0,2023,22
6.0,3.0,0.75,"2023-02-24","Chicago","Good","['Good']",4,2,4,2023,24
12.0,8.0,0.5,"2023-06-10","Los Angeles","Could be better","['Could', 'be', 'better']",15,6,5,2023,10
11.0,11.0,0.5,"2023-05-31","Chicago","Excellent","['Excellent']",9,5,2,2023,31
14.0,13.0,0.25,"2023-03-26","Phoenix","Excellent","['Excellent']",9,3,6,2023,26
13.0,1.0,0.5,"2023-05-27","Houston","Could be better","['Could', 'be', 'better']",15,5,5,2023,27
4.0,1.0,0.0,"2023-02-16","Houston","Could be better","['Could', 'be', 'better']",15,2,3,2023,16
28.0,13.0,0.25,"2023-05-28","Chicago","Good","['Good']",4,5,6,2023,28
26.0,2.0,0.0,"2023-05-10","Houston","Poor","['Poor']",4,5,2,2023,10
27.0,3.0,0.25,"2023-04-29","New York","Good","['Good']",4,4,5,2023,29
1.0,13.0,1.0,"2023-05-17","Chicago","Average","['Average']",7,5,2,2023,17
4.0,1.0,0.5,"2023-02-22","New York","Good","['Good']",4,2,2,2023,22
25.0,5.0,1.0,"2023-06-21","Chicago","Poor","['Poor']",4,6,2,2023,21
26.0,7.0,0.0,"2023-04-18","Houston","Average","['Average']",7,4,1,2023,18
5.0,8.0,0.5,"2023-01-24","Houston","Excellent","['Excellent']",9,1,1,2023,24
3.0,10.0,0.25,"2023-03-22","Houston","Could be better","['Could', 'be', 'better']",15,3,2,2023,22
29.0,1.0,0.25,"2023-06-07","Los Angeles","Good","['Good']",4,6,2,2023,7
28.0,7.0,0.5,"2023-04-30","Phoenix","Average","['Average']",7,4,6,2023,30
9.0,5.0,0.75,"2023-05-08","Phoenix","Poor","['Poor']",4,5,0,2023,8
6.0,1.0,0.75,"2023-04-25","Los Angeles","Poor","['Poor']",4,4,1,2023,25
18.0,3.0,0.75,"2023-01-14","Los Angeles","Excellent","['Excellent']",9,1,5,2023,14
6.0,7.0,1.0,"2023-01-09","New York","Could be better","['Could', 'be', 'better']",15,1,0,2023,9
28.0,1.0,0.75,"2023-01-25","Phoenix","Good","['Good']",4,1,2,2023,25
2.0,1.0,0.25,"2023-06-03","Houston","Good","['Good']",4,6,5,2023,3
12.0,11.0,0.5,"2023-04-08","Houston","Average","['Average']",7,4,5,2023,8
21.0,11.0,0.75,"2023-03-16","Houston","Average","['Average']",7,3,3,2023,16
24.0,13.0,1.0,"2023-03-11","Phoenix","Could be better","['Could', 'be', 'better']",15,3,5,2023,11
2.0,3.0,1.0,"2023-05-26","Phoenix","Average","['Average']",7,5,4,2023,26
22.0,13.0,0.75,"2023-05-08","Houston","Could be better","['Could', 'be', 'better']",15,5,0,2023,8
3.0,5.0,0.25,"2023-03-26","Chicago","Poor","['Poor']",4,3,6,2023,26
28.0,10.0,1.0,"2023-04-10","Chicago","Average","['Average']",7,4,0,2023,10
3.0,13.0,0.5,"2023-03-28","New York","Could be better","['Could', 'be', 'better']",15,3,1,2023,28
20.0,9.0,0.0,"2023-04-27","Phoenix","Average","['Average']",7,4,3,2023,27
19.0,3.0,0.5,"2023-01-27","Houston","Poor","['Poor']",4,1,4,2023,27
25.0,7.0,1.0,"2023-04-08","Chicago","Excellent","['Excellent']",9,4,5,2023,8
23.0,14.0,0.75,"2023-01-12","Chicago","Could be better","['Could', 'be', 'better']",15,1,3,2023,12
16.0,13.0,1.0,"2023-02-22","New York","Excellent","['Excellent']",9,2,2,2023,22
22.0,3.0,0.75,"2023-05-18","Los Angeles","Good","['Good']",4,5,3,2023,18
17.0,3.0,1.0,"2023-06-22","New York","Excellent","['Excellent']",9,6,3,2023,22
5.0,2.0,0.25,"2023-05-25","New York","Poor","['Poor']",4,5,3,2023,25
11.0,13.0,0.0,"2023-05-02","New York","Poor","['Poor']",4,5,1,2023,2
3.0,5.0,0.5,"2023-05-10","Houston","Could be better","['Could', 'be', 'better']",15,5,2,2023,10
1.0,14.0,0.75,"2023-02-23","New York","Excellent","['Excellent']",9,2,3,2023,23
29.0,9.0,1.0,"2023-02-20","Los Angeles","Could be better","['Could', 'be', 'better']",15,2,0,2023,20
16.0,8.0,0.5,"2023-02-05","New York","Average","['Average']",7,2,6,2023,5
2.0,2.0,0.25,"2023-04-25","Houston","Good","['Good']",4,4,1,2023,25
2.0,3.0,0.5,"2023-01-26","New York","Average","['Average']",7,1,3,2023,26
8.0,8.0,0.0,"2023-05-29","Los Angeles","Excellent","['Excellent']",9,5,0,2023,29
24.0,6.0,0.25,"2023-01-11","Phoenix","Good","['Good']",4,1,2,2023,11
28.0,6.0,0.75,"2023-02-09","Houston","Could be better","['Could', 'be', 'better']",15,2,3,2023,9
7.0,9.0,0.0,"2023-06-13","New York","Poor","['Poor']",4,6,1,2023,13
20.0,12.0,0.0,"2023-02-23","New York","Poor","['Poor']",4,2,3,2023,23
1.0,9.0,0.25,"2023-02-24","Houston","Poor","['Poor']",4,2,4,2023,24
8.0,1.0,0.75,"2023-04-21","New York","Poor","['Poor']",4,4,4,2023,21
3.0,2.0,0.5,"2023-03-10","Phoenix","Good","['Good']",4,3,4,2023,10
4.0,13.0,0.25,"2023-02-25","Houston","Excellent","['Excellent']",9,2,5,2023,25
25.0,6.0,0.25,"2023-02-05","Houston","Excellent","['Excellent']",9,2,6,2023,5
6.0,13.0,0.5,"2023-03-22","Chicago","Excellent","['Excellent']",9,3,2,2023,22
15.0,11.0,0.75,"2023-04-19","Chicago","Could be better","['Could', 'be', 'better']",15,4,2,2023,19
25.0,3.0,0.5,"2023-02-09","Phoenix","Excellent","['Excellent']",9,2,3,2023,9
21.0,3.0,0.5,"2023-01-17","Houston","Average","['Average']",7,1,1,2023,17
14.0,6.0,0.5,"2023-03-02","Phoenix","Average","['Average']",7,3,3,2023,2
20.0,14.0,0.5,"2023-06-20","Houston","Average","['Average']",7,6,1,2023,20
17.0,14.0,0.0,"2023-02-08","Chicago","Poor","['Poor']",4,2,2,2023,8
3.0,12.0,0.5,"2023-04-18","Los Angeles","Could be better","['Could', 'be', 'better']",15,4,1,2023,18
1.0,14.0,0.5,"2023-01-19","Los Angeles","Excellent","['Excellent']",9,1,3,2023,19
6.0,11.0,0.0,"2023-04-11","Chicago","Good","['Good']",4,4,1,2023,11
2.0,12.0,0.75,"2023-02-24","Houston","Excellent","['Excellent']",9,2,4,2023,24
6.0,8.0,0.0,"2023-03-03","Phoenix","Poor","['Poor']",4,3,4,2023,3
14.0,9.0,1.0,"2023-03-21","Chicago","Excellent","['Excellent']",9,3,1,2023,21
21.0,8.0,0.5,"2023-01-08","Chicago","Good","['Good']",4,1,6,2023,8
3.0,10.0,0.25,"2023-03-22","Chicago","Good","['Good']",4,3,2,2023,22
19.0,10.0,0.75,"2023-04-28","New York","Good","['Good']",4,4,4,2023,28
14.0,5.0,0.0,"2023-01-25","Phoenix","Average","['Average']",7,1,2,2023,25
27.0,13.0,0.5,"2023-03-30","New York","Poor","['Poor']",4,3,3,2023,30
25.0,10.0,1.0,"2023-02-28","New York","Good","['Good']",4,2,1,2023,28
24.0,1.0,0.0,"2023-04-19","Chicago","Average","['Average']",7,4,2,2023,19
26.0,5.0,0.5,"2023-02-16","Los Angeles","Could be better","['Could', 'be', 'better']",15,2,3,2023,16
25.0,7.0,0.25,"2023-05-31","Houston","Good","['Good']",4,5,2,2023,31
19.0,12.0,0.75,"2023-01-26","Chicago","Good","['Good']",4,1,3,2023,26
19.0,12.0,0.5,"2023-05-15","Houston","Poor","['Poor']",4,5,0,2023,15
3.0,6.0,0.5,"2023-01-14","Phoenix","Excellent","['Excellent']",9,1,5,2023,14
19.0,10.0,0.5,"2023-04-27","Los Angeles","Could be better","['Could', 'be', 'better']",15,4,3,2023,27
9.0,1.0,0.5,"2023-01-07","Phoenix","Good","['Good']",4,1,5,2023,7
28.0,7.0,0.25,"2023-05-17","New York","Good","['Good']",4,5,2,2023,17
7.0,10.0,0.5,"2023-03-13","Houston","Excellent","['Excellent']",9,3,0,2023,13
14.0,4.0,0.5,"2023-02-28","Chicago","Poor","['Poor']",4,2,1,2023,28
9.0,10.0,0.5,"2023-03-23","Phoenix","Could be better","['Could', 'be', 'better']",15,3,3,2023,23
6.0,6.0,0.5,"2023-04-08","Chicago","Could be better","['Could', 'be', 'better']",15,4,5,2023,8
29.0,8.0,0.5,"2023-02-06","Phoenix","Good","['Good']",4,2,0,2023,6
4.0,11.0,1.0,"2023-06-20","Houston","Poor","['Poor']",4,6,1,2023,20
8.0,9.0,0.5,"2023-06-17","New York","Average","['Average']",7,6,5,2023,17
9.0,13.0,0.5,"2023-02-08","Chicago","Average","['Average']",7,2,2,2023,8
24.0,2.0,0.75,"2023-04-30","Los Angeles","Good","['Good']",4,4,6,2023,30
20.0,14.0,0.0,"2023-01-04","Los Angeles","Could be better","['Could', 'be', 'better']",15,1,2,2023,4
14.0,12.0,0.5,"2023-06-02","Los Angeles","Average","['Average']",7,6,4,2023,2
11.0,10.0,0.25,"2023-05-21","Chicago","Good","['Good']",4,5,6,2023,21
21.0,12.0,1.0,"2023-06-10","Houston","Could be better","['Could', 'be', 'better']",15,6,5,2023,10
9.0,1.0,0.25,"2023-06-19","Phoenix","Poor","['Poor']",4,6,0,2023,19
27.0,10.0,0.75,"2023-04-18","Chicago","Excellent","['Excellent']",9,4,1,2023,18
2.0,14.0,0.75,"2023-01-18","Phoenix","Excellent","['Excellent']",9,1,2,2023,18
14.0,6.0,0.75,"2023-05-03","Chicago","Excellent","['Excellent']",9,5,2,2023,3
24.0,6.0,1.0,"2023-01-29","New York","Average","['Average']",7,1,6,2023,29
23.0,3.0,0.0,"2023-03-03","Chicago","Good","['Good']",4,3,4,2023,3
16.0,14.0,0.75,"2023-01-16","Chicago","Could be better","['Could', 'be', 'better']",15,1,0,2023,16
29.0,13.0,0.75,"2023-05-01","New York","Good","['Good']",4,5,0,2023,1
17.0,1.0,0.25,"2023-01-10","Los Angeles","Poor","['Poor']",4,1,1,2023,10
11.0,5.0,0.25,"2023-03-25","Phoenix","Excellent","['Excellent']",9,3,5,2023,25
14.0,10.0,0.5,"2023-05-13","Houston","Poor","['Poor']",4,5,5,2023,13
21.0,11.0,0.75,"2023-01-03","New York","Excellent","['Excellent']",9,1,1,2023,3
5.0,4.0,0.5,"2023-06-22","Houston","Good","['Good']",4,6,3,2023,22
5.0,10.0,0.0,"2023-06-07","Los Angeles","Poor","['Poor']",4,6,2,2023,7
3.0,7.0,0.25,"2023-03-09","Phoenix","Good","['Good']",4,3,3,2023,9
12.0,5.0,1.0,"2023-05-26","New York","Average","['Average']",7,5,4,2023,26
29.0,7.0,0.0,"2023-06-25","Los Angeles","Excellent","['Excellent']",9,6,6,2023,25
29.0,8.0,0.0,"2023-05-23","New York","Excellent","['Excellent']",9,5,1,2023,23
9.0,4.0,0.25,"2023-02-18","Phoenix","Good","['Good']",4,2,5,2023,18
4.0,10.0,0.5,"2023-05-01","Phoenix","Could be better","['Could', 'be', 'better']",15,5,0,2023,1
3.0,5.0,0.75,"2023-03-29","New York","Excellent","['Excellent']",9,3,2,2023,29
17.0,4.0,0.5,"2023-05-20","New York","Excellent","['Excellent']",9,5,5,2023,20
24.0,1.0,1.0,"2023-03-02","Phoenix","Poor","['Poor']",4,3,3,2023,2
8.0,8.0,0.25,"2023-05-04","Houston","Average","['Average']",7,5,3,2023,4
13.0,1.0,0.5,"2023-02-08","New York","Excellent","['Excellent']",9,2,2,2023,8
15.0,6.0,1.0,"2023-02-15","New York","Could be better","['Could', 'be', 'better']",15,2,2,2023,15
12.0,13.0,0.5,"2023-01-11","New York","Poor","['Poor']",4,1,2,2023,11
12.0,3.0,0.5,"2023-03-18","New York","Poor","['Poor']",4,3,5,2023,18
15.0,12.0,0.25,"2023-02-21","New York","Good","['Good']",4,2,1,2023,21
15.0,8.0,0.0,"2023-01-04","Phoenix","Poor","['Poor']",4,1,2,2023,4
9.0,14.0,1.0,"2023-02-28","Los Angeles","Good","['Good']",4,2,1,2023,28
19.0,2.0,0.5,"2023-03-13","Phoenix","Good","['Good']",4,3,0,2023,13
26.0,6.0,0.0,"2023-05-28","Phoenix","Could be better","['Could', 'be', 'better']",15,5,6,2023,28
20.0,9.0,0.5,"2023-04-03","Phoenix","Average","['Average']",7,4,0,2023,3
29.0,8.0,1.0,"2023-03-04","New York","Good","['Good']",4,3,5,2023,4
6.0,13.0,0.5,"2023-04-17","Chicago","Average","['Average']",7,4,0,2023,17
20.0,7.0,0.5,"2023-02-26","Chicago","Average","['Average']",7,2,6,2023,26
29.0,13.0,0.25,"2023-01-03","Phoenix","Could be better","['Could', 'be', 'better']",15,1,1,2023,3
7.0,8.0,0.0,"2023-01-05","Los Angeles","Good","['Good']",4,1,3,2023,5
22.0,13.0,1.0,"2023-01-09","Chicago","Good","['Good']",4,1,0,2023,9
3.0,4.0,0.5,"2023-05-02","New York","Poor","['Poor']",4,5,1,2023,2
9.0,13.0,1.0,"2023-01-03","Chicago","Good","['Good']",4,1,1,2023,3
1.0,11.0,0.0,"2023-06-09","Chicago","Good","['Good']",4,6,4,2023,9
8.0,3.0,1.0,"2023-01-13","Los Angeles","Average","['Average']",7,1,4,2023,13
6.0,13.0,0.0,"2023-05-05","Houston","Excellent","['Excellent']",9,5,4,2023,5
18.0,11.0,0.75,"2023-05-22","New York","Average","['Average']",7,5,0,2023,22
17.0,11.0,0.5,"2023-04-11","Los Angeles","Poor","['Poor']",4,4,1,2023,11
29.0,5.0,0.5,"2023-04-08","Phoenix","Poor","['Poor']",4,4,5,2023,8
26.0,11.0,1.0,"2023-03-08","Phoenix","Poor","['Poor']",4,3,2,2023,8
27.0,14.0,0.5,"2023-05-03","New York","Excellent","['Excellent']",9,5,2,2023,3
19.0,5.0,0.5,"2023-05-17","Los Angeles","Average","['Average']",7,5,2,2023,17
10.0,6.0,0.25,"2023-03-17","Houston","Average","['Average']",7,3,4,2023,17
1.0,6.0,0.0,"2023-06-19","New York","Poor","['Poor']",4,6,0,2023,19
29.0,8.0,0.0,"2023-02-09","Chicago","Good","['Good']",4,2,3,2023,9
13.0,2.0,0.75,"2023-01-25","Los Angeles","Excellent","['Excellent']",9,1,2,2023,25
17.0,1.0,0.75,"2023-01-05","Los Angeles","Could be better","['Could', 'be', 'better']",15,1,3,2023,5
3.0,4.0,1.0,"2023-05-19","New York","Good","['Good']",4,5,4,2023,19
8.0,7.0,0.25,"2023-05-04","Los Angeles","Could be better","['Could', 'be', 'better']",15,5,3,2023,4
14.0,11.0,0.5,"2023-02-07","New York","Poor","['Poor']",4,2,1,2023,7
3.0,10.0,0.5,"2023-03-13","Phoenix","Good","['Good']",4,3,0,2023,13
20.0,5.0,0.75,"2023-03-31","Los Angeles","Excellent","['Excellent']",9,3,4,2023,31
24.0,5.0,0.25,"2023-05-26","Houston","Good","['Good']",4,5,4,2023,26
17.0,13.0,0.0,"2023-02-06","Los Angeles","Good","['Good']",4,2,0,2023,6
6.0,9.0,0.5,"2023-01-28","Chicago","Could be better","['Could', 'be', 'better']",15,1,5,2023,28
14.0,13.0,0.25,"2023-04-24","Los Angeles","Could be better","['Could', 'be', 'better']",15,4,0,2023,24
17.0,13.0,0.25,"2023-02-09","Phoenix","Poor","['Poor']",4,2,3,2023,9
8.0,3.0,0.25,"2023-02-14","New York","Poor","['Poor']",4,2,1,2023,14
11.0,11.0,0.0,"2023-03-03","Houston","Average","['Average']",7,3,4,2023,3
28.0,10.0,0.25,"2023-04-25","Houston","Average","['Average']",7,4,1,2023,25
26.0,11.0,1.0,"2023-02-25","Phoenix","Poor","['Poor']",4,2,5,2023,25
7.0,9.0,0.0,"2023-02-09","New York","Excellent","['Excellent']",9,2,3,2023,9
10.0,8.0,0.25,"2023-02-02","Chicago","Average","['Average']",7,2,3,2023,2
11.0,11.0,0.0,"2023-01-06","Phoenix","Poor","['Poor']",4,1,4,2023,6
22.0,14.0,0.25,"2023-05-27","New York","Could be better","['Could', 'be', 'better']",15,5,5,2023,27
9.0,7.0,0.5,"2023-06-17","Houston","Poor","['Poor']",4,6,5,2023,17
24.0,12.0,0.5,"2023-04-02","Chicago","Could be better","['Could', 'be', 'better']",15,4,6,2023,2
21.0,12.0,0.25,"2023-01-13","Los Angeles","Could be better","['Could', 'be', 'better']",15,1,4,2023,13
27.0,4.0,0.5,"2023-02-14","Chicago","Average","['Average']",7,2,1,2023,14
7.0,6.0,0.5,"2023-03-30","New York","Could be better","['Could', 'be', 'better']",15,3,3,2023,30
23.0,1.0,0.25,"2023-06-19","Houston","Excellent","['Excellent']",9,6,0,2023,19
7.0,4.0,0.75,"2023-06-04","Chicago","Could be better","['Could', 'be', 'better']",15,6,6,2023,4
14.0,14.0,0.75,"2023-05-13","Phoenix","Excellent","['Excellent']",9,5,5,2023,13
11.0,11.0,0.5,"2023-02-27","Chicago","Good","['Good']",4,2,0,2023,27
13.0,13.0,1.0,"2023-01-31","Los Angeles","Excellent","['Excellent']",9,1,1,2023,31
14.0,2.0,1.0,"2023-01-23","Houston","Could be better","['Could', 'be', 'better']",15,1,0,2023,23
8.0,6.0,0.0,"2023-06-09","New York","Good","['Good']",4,6,4,2023,9
12.0,2.0,0.5,"2023-04-17","Phoenix","Good","['Good']",4,4,0,2023,17
12.0,7.0,0.25,"2023-02-08","New York","Poor","['Poor']",4,2,2,2023,8
8.0,5.0,0.5,"2023-03-23","Los Angeles","Poor","['Poor']",4,3,3,2023,23
29.0,12.0,0.5,"2023-04-10","Phoenix","Average","['Average']",7,4,0,2023,10
12.0,9.0,0.5,"2023-01-12","Chicago","Average","['Average']",7,1,3,2023,12
29.0,11.0,0.0,"2023-02-08","Houston","Good","['Good']",4,2,2,2023,8
16.0,9.0,0.5,"2023-01-13","Chicago","Average","['Average']",7,1,4,2023,13
13.0,6.0,0.0,"2023-06-04","Los Angeles","Average","['Average']",7,6,6,2023,4
26.0,10.0,0.5,"2023-04-23","Los Angeles","Average","['Average']",7,4,6,2023,23
7.0,6.0,0.5,"2023-01-17","New York","Excellent","['Excellent']",9,1,1,2023,17
28.0,3.0,0.0,"2023-04-14","Phoenix","Good","['Good']",4,4,4,2023,14
27.0,8.0,1.0,"2023-03-11","Phoenix","Excellent","['Excellent']",9,3,5,2023,11
14.0,12.0,0.5,"2023-06-07","Phoenix","Poor","['Poor']",4,6,2,2023,7
13.0,6.0,0.75,"2023-03-04","Chicago","Excellent","['Excellent']",9,3,5,2023,4
23.0,1.0,1.0,"2023-03-01","New York","Good","['Good']",4,3,2,2023,1
20.0,14.0,0.25,"2023-01-22","Chicago","Poor","['Poor']",4,1,6,2023,22
2.0,2.0,0.5,"2023-03-09","Los Angeles","Poor","['Poor']",4,3,3,2023,9
18.0,11.0,0.5,"2023-05-25","Houston","Good","['Good']",4,5,3,2023,25
5.0,12.0,0.5,"2023-05-18","Los Angeles","Good","['Good']",4,5,3,2023,18
19.0,8.0,0.0,"2023-04-28","Chicago","Excellent","['Excellent']",9,4,4,2023,28
15.0,6.0,0.5,"2023-01-22","Houston","Average","['Average']",7,1,6,2023,22
28.0,4.0,0.5,"2023-04-30","Chicago","Excellent","['Excellent']",9,4,6,2023,30
8.0,14.0,0.5,"2023-02-19","Houston","Could be better","['Could', 'be', 'better']",15,2,6,2023,19
20.0,6.0,0.5,"2023-01-14","Houston","Average","['Average']",7,1,5,2023,14
17.0,3.0,0.0,"2023-06-24","Chicago","Average","['Average']",7,6,5,2023,24
1.0,12.0,0.75,"2023-01-29","Los Angeles","Poor","['Poor']",4,1,6,2023,29
26.0,10.0,0.5,"2023-06-29","Phoenix","Excellent","['Excellent']",9,6,3,2023,29
2.0,5.0,1.0,"2023-02-02","New York","Could be better","['Could', 'be', 'better']",15,2,3,2023,2
9.0,6.0,0.5,"2023-04-21","Houston","Poor","['Poor']",4,4,4,2023,21
2.0,4.0,0.0,"2023-06-09","New York","Could be better","['Could', 'be', 'better']",15,6,4,2023,9
19.0,6.0,0.5,"2023-06-28","Los Angeles","Good","['Good']",4,6,2,2023,28
11.0,10.0,0.0,"2023-02-27","Los Angeles","Average","['Average']",7,2,0,2023,27
10.0,8.0,1.0,"2023-06-23","Houston","Poor","['Poor']",4,6,4,2023,23
22.0,6.0,1.0,"2023-05-21","New York","Poor","['Poor']",4,5,6,2023,21
25.0,8.0,0.25,"2023-01-15","New York","Excellent","['Excellent']",9,1,6,2023,15
7.0,13.0,0.75,"2023-04-29","New York","Good","['Good']",4,4,5,2023,29
3.0,10.0,0.75,"2023-06-06","Phoenix","Excellent","['Excellent']",9,6,1,2023,6
20.0,14.0,0.25,"2023-03-16","Chicago","Could be better","['Could', 'be', 'better']",15,3,3,2023,16
27.0,4.0,0.0,"2023-02-01","Los Angeles","Excellent","['Excellent']",9,2,2,2023,1
21.0,4.0,0.0,"2023-05-10","Phoenix","Poor","['Poor']",4,5,2,2023,10
2.0,7.0,0.5,"2023-06-24","Los Angeles","Poor","['Poor']",4,6,5,2023,24
3.0,11.0,0.75,"2023-01-27","New York","Good","['Good']",4,1,4,2023,27
16.0,7.0,0.25,"2023-03-22","Chicago","Could be better","['Could', 'be', 'better']",15,3,2,2023,22
8.0,13.0,0.5,"2023-05-06","Phoenix","Excellent","['Excellent']",9,5,5,2023,6
2.0,11.0,1.0,"2023-04-02","Houston","Excellent","['Excellent']",9,4,6,2023,2
12.0,5.0,0.5,"2023-04-11","Houston","Excellent","['Excellent']",9,4,1,2023,11
26.0,5.0,1.0,"2023-05-04","Houston","Good","['Good']",4,5,3,2023,4
25.0,9.0,0.0,"2023-06-12","New York","Poor","['Poor']",4,6,0,2023,12
23.0,8.0,0.75,"2023-03-05","Phoenix","Average","['Average']",7,3,6,2023,5
25.0,14.0,0.5,"2023-01-24","Chicago","Could be better","['Could', 'be', 'better']",15,1,1,2023,24
6.0,14.0,1.0,"2023-01-12","Chicago","Average","['Average']",7,1,3,2023,12
18.0,7.0,0.5,"2023-03-01","Los Angeles","Average","['Average']",7,3,2,2023,1
13.0,1.0,0.25,"2023-04-03","Houston","Poor","['Poor']",4,4,0,2023,3
23.0,10.0,1.0,"2023-02-22","Chicago","Excellent","['Excellent']",9,2,2,2023,22
21.0,13.0,0.5,"2023-03-20","Houston","Excellent","['Excellent']",9,3,0,2023,20
6.0,3.0,0.25,"2023-01-27","New York","Good","['Good']",4,1,4,2023,27
26.0,14.0,0.0,"2023-06-23","Phoenix","Poor","['Poor']",4,6,4,2023,23
28.0,11.0,0.75,"2023-02-19","Houston","Good","['Good']",4,2,6,2023,19
12.0,2.0,1.0,"2023-05-11","Phoenix","Excellent","['Excellent']",9,5,3,2023,11
2.0,2.0,0.5,"2023-04-03","Los Angeles","Poor","['Poor']",4,4,0,2023,3
3.0,7.0,0.0,"2023-06-21","Houston","Excellent","['Excellent']",9,6,2,2023,21
3.0,12.0,1.0,"2023-01-24","New York","Average","['Average']",7,1,1,2023,24
15.0,11.0,0.25,"2023-05-11","Chicago","Could be better","['Could', 'be', 'better']",15,5,3,2023,11
9.0,4.0,0.0,"2023-05-28","New York","Good","['Good']",4,5,6,2023,28
23.0,2.0,0.5,"2023-02-15","Houston","Good","['Good']",4,2,2,2023,15
8.0,6.0,0.5,"2023-01-15","Phoenix","Excellent","['Excellent']",9,1,6,2023,15
16.0,10.0,0.25,"2023-01-17","Chicago","Poor","['Poor']",4,1,1,2023,17
26.0,4.0,0.5,"2023-05-06","Chicago","Average","['Average']",7,5,5,2023,6
4.0,5.0,0.0,"2023-06-25","Phoenix","Poor","['Poor']",4,6,6,2023,25
24.0,8.0,0.5,"2023-05-10","Chicago","Excellent","['Excellent']",9,5,2,2023,10
24.0,12.0,0.5,"2023-05-19","Los Angeles","Poor","['Poor']",4,5,4,2023,19
28.0,8.0,0.0,"2023-03-05","Chicago","Average","['Average']",7,3,6,2023,5
5.0,7.0,0.0,"2023-03-13","Phoenix","Poor","['Poor']",4,3,0,2023,13
4.0,11.0,0.5,"2023-01-18","New York","Good","['Good']",4,1,2,2023,18
5.0,14.0,0.75,"2023-03-05","Phoenix","Poor","['Poor']",4,3,6,2023,5
1.0,14.0,0.25,"2023-04-05","Phoenix","Could be better","['Could', 'be', 'better']",15,4,2,2023,5
19.0,10.0,0.75,"2023-01-11","Houston","Excellent","['Excellent']",9,1,2,2023,11
29.0,7.0,1.0,"2023-02-14","Los Angeles","Excellent","['Excellent']",9,2,1,2023,14
10.0,12.0,0.5,"2023-02-02","Houston","Excellent","['Excellent']",9,2,3,2023,2
28.0,1.0,0.75,"2023-04-12","New York","Average","['Average']",7,4,2,2023,12
28.0,13.0,0.0,"2023-05-16","Los Angeles","Could be better","['Could', 'be', 'better']",15,5,1,2023,16
11.0,4.0,0.5,"2023-06-28","New York","Poor","['Poor']",4,6,2,2023,28
27.0,10.0,0.5,"2023-02-10","Phoenix","Could be better","['Could', 'be', 'better']",15,2,4,2023,10
17.0,4.0,0.0,"2023-03-17","Houston","Excellent","['Excellent']",9,3,4,2023,17
8.0,8.0,0.0,"2023-03-21","New York","Excellent","['Excellent']",9,3,1,2023,21
2.0,7.0,0.5,"2023-02-23","Los Angeles","Could be better","['Could', 'be', 'better']",15,2,3,2023,23
16.0,6.0,0.5,"2023-03-27","Phoenix","Could be better","['Could', 'be', 'better']",15,3,0,2023,27
24.0,7.0,0.25,"2023-05-28","Houston","Good","['Good']",4,5,6,2023,28
1.0,14.0,0.25,"2023-06-09","New York","Excellent","['Excellent']",9,6,4,2023,9
17.0,5.0,0.0,"2023-01-02","New York","Excellent","['Excellent']",9,1,0,2023,2
18.0,10.0,0.5,"2023-06-07","Chicago","Could be better","['Could', 'be', 'better']",15,6,2,2023,7
27.0,3.0,0.25,"2023-06-03","Houston","Could be better","['Could', 'be', 'better']",15,6,5,2023,3
3.0,12.0,0.0,"2023-05-30","Chicago","Good","['Good']",4,5,1,2023,30
13.0,14.0,0.5,"2023-06-15","New York","Could be better","['Could', 'be', 'better']",15,6,3,2023,15
22.0,10.0,0.5,"2023-05-23","Los Angeles","Average","['Average']",7,5,1,2023,23
11.0,9.0,0.0,"2023-04-16","Houston","Good","['Good']",4,4,6,2023,16
19.0,5.0,0.0,"2023-02-18","Houston","Good","['Good']",4,2,5,2023,18
18.0,8.0,0.25,"2023-04-14","Phoenix","Good","['Good']",4,4,4,2023,14
6.0,2.0,0.0,"2023-03-02","Chicago","Excellent","['Excellent']",9,3,3,2023,2
27.0,9.0,0.75,"2023-05-03","Phoenix","Average","['Average']",7,5,2,2023,3
15.0,13.0,0.0,"2023-01-09","Houston","Could be better","['Could', 'be', 'better']",15,1,0,2023,9
5.0,3.0,0.0,"2023-04-13","Phoenix","Excellent","['Excellent']",9,4,3,2023,13
29.0,8.0,0.25,"2023-02-10","Los Angeles","Could be better","['Could', 'be', 'better']",15,2,4,2023,10
10.0,10.0,0.25,"2023-01-08","Phoenix","Could be better","['Could', 'be', 'better']",15,1,6,2023,8
3.0,13.0,1.0,"2023-04-02","Chicago","Could be better","['Could', 'be', 'better']",15,4,6,2023,2
28.0,10.0,0.0,"2023-05-07","Houston","Excellent","['Excellent']",9,5,6,2023,7
17.0,5.0,0.25,"2023-03-25","Phoenix","Could be better","['Could', 'be', 'better']",15,3,5,2023,25
29.0,2.0,0.75,"2023-05-12","Chicago","Average","['Average']",7,5,4,2023,12
13.0,13.0,1.0,"2023-05-14","Phoenix","Good","['Good']",4,5,6,2023,14
27.0,9.0,1.0,"2023-02-27","Los Angeles","Excellent","['Excellent']",9,2,0,2023,27
17.0,6.0,0.0,"2023-05-07","Phoenix","Average","['Average']",7,5,6,2023,7
13.0,3.0,0.5,"2023-01-03","Los Angeles","Good","['Good']",4,1,1,2023,3
4.0,9.0,0.75,"2023-04-16","Houston","Average","['Average']",7,4,6,2023,16
17.0,7.0,0.5,"2023-01-12","New York","Could be better","['Could', 'be', 'better']",15,1,3,2023,12
13.0,4.0,0.75,"2023-05-21","Houston","Good","['Good']",4,5,6,2023,21
2.0,11.0,0.0,"2023-01-25","Chicago","Good","['Good']",4,1,2,2023,25
13.0,9.0,1.0,"2023-02-14","Chicago","Could be better","['Could', 'be', 'better']",15,2,1,2023,14
22.0,14.0,0.5,"2023-05-02","Chicago","Could be better","['Could', 'be', 'better']",15,5,1,2023,2
27.0,13.0,1.0,"2023-02-24","Chicago","Poor","['Poor']",4,2,4,2023,24
23.0,13.0,0.5,"2023-04-10","Los Angeles","Average","['Average']",7,4,0,2023,10
19.0,1.0,0.25,"2023-06-22","New York","Average","['Average']",7,6,3,2023,22
3.0,1.0,0.75,"2023-05-16","New York","Could be better","['Could', 'be', 'better']",15,5,1,2023,16
13.0,3.0,0.25,"2023-02-01","Chicago","Could be better","['Could', 'be', 'better']",15,2,2,2023,1
19.0,13.0,0.25,"2023-02-20","New York","Good","['Good']",4,2,0,2023,20
26.0,9.0,0.5,"2023-02-13","New York","Could be better","['Could', 'be', 'better']",15,2,0,2023,13
17.0,12.0,0.75,"2023-03-23","Los Angeles","Could be better","['Could', 'be', 'better']",15,3,3,2023,23
14.0,14.0,0.25,"2023-05-30","Houston","Good","['Good']",4,5,1,2023,30
12.0,6.0,1.0,"2023-02-06","Houston","Good","['Good']",4,2,0,2023,6
7.0,8.0,0.25,"2023-02-28","Los Angeles","Could be better","['Could', 'be', 'better']",15,2,1,2023,28
4.0,9.0,0.5,"2023-05-11","Phoenix","Could be better","['Could', 'be', 'better']",15,5,3,2023,11
13.0,5.0,0.5,"2023-02-18","Los Angeles","Average","['Average']",7,2,5,2023,18
15.0,14.0,0.0,"2023-04-04","Chicago","Could be better","['Could', 'be', 'better']",15,4,1,2023,4
2.0,3.0,0.25,"2023-06-08","Los Angeles","Good","['Good']",4,6,3,2023,8
4.0,3.0,0.75,"2023-05-28","New York","Could be better","['Could', 'be', 'better']",15,5,6,2023,28
8.0,8.0,1.0,"2023-02-19","New York","Poor","['Poor']",4,2,6,2023,19
22.0,7.0,0.5,"2023-06-26","Los Angeles","Could be better","['Could', 'be', 'better']",15,6,0,2023,26
24.0,14.0,0.0,"2023-04-06","Chicago","Good","['Good']",4,4,3,2023,6
19.0,6.0,0.0,"2023-06-13","Chicago","Good","['Good']",4,6,1,2023,13
5.0,14.0,0.25,"2023-04-27","Phoenix","Good","['Good']",4,4,3,2023,27
7.0,3.0,0.5,"2023-04-08","Houston","Could be better","['Could', 'be', 'better']",15,4,5,2023,8
28.0,11.0,0.75,"2023-06-11","New York","Average","['Average']",7,6,6,2023,11
5.0,12.0,0.5,"2023-06-13","New York","Excellent","['Excellent']",9,6,1,2023,13
17.0,1.0,0.75,"2023-01-06","Houston","Could be better","['Could', 'be', 'better']",15,1,4,2023,6
5.0,11.0,0.0,"2023-02-08","Los Angeles","Excellent","['Excellent']",9,2,2,2023,8
4.0,13.0,0.5,"2023-06-19","New York","Excellent","['Excellent']",9,6,0,2023,19
22.0,5.0,0.5,"2023-04-25","New York","Could be better","['Could', 'be', 'better']",15,4,1,2023,25
27.0,4.0,0.25,"2023-01-12","Houston","Excellent","['Excellent']",9,1,3,2023,12
21.0,9.0,0.5,"2023-05-11","Houston","Poor","['Poor']",4,5,3,2023,11
2.0,9.0,0.0,"2023-01-18","Phoenix","Could be better","['Could', 'be', 'better']",15,1,2,2023,18
11.0,14.0,0.25,"2023-02-09","Chicago","Could be better","['Could', 'be', 'better']",15,2,3,2023,9
22.0,5.0,0.0,"2023-01-21","Chicago","Poor","['Poor']",4,1,5,2023,21
12.0,7.0,0.5,"2023-01-26","Chicago","Poor","['Poor']",4,1,3,2023,26
22.0,6.0,0.75,"2023-01-08","Chicago","Could be better","['Could', 'be', 'better']",15,1,6,2023,8
7.0,10.0,0.5,"2023-06-21","New York","Poor","['Poor']",4,6,2,2023,21
28.0,2.0,0.25,"2023-01-14","Los Angeles","Could be better","['Could', 'be', 'better']",15,1,5,2023,14
5.0,1.0,0.5,"2023-03-19","Chicago","Excellent","['Excellent']",9,3,6,2023,19
9.0,1.0,0.75,"2023-03-10","Los Angeles","Poor","['Poor']",4,3,4,2023,10
12.0,1.0,0.0,"2023-03-03","Houston","Average","['Average']",7,3,4,2023,3
6.0,1.0,1.0,"2023-03-01","New York","Good","['Good']",4,3,2,2023,1
17.0,13.0,0.5,"2023-05-05","Chicago","Poor","['Poor']",4,5,4,2023,5
16.0,8.0,0.25,"2023-05-10","Chicago","Poor","['Poor']",4,5,2,2023,10
12.0,2.0,1.0,"2023-03-11","Houston","Average","['Average']",7,3,5,2023,11
6.0,7.0,0.25,"2023-03-30","Los Angeles","Good","['Good']",4,3,3,2023,30
23.0,14.0,0.25,"2023-01-28","Phoenix","Good","['Good']",4,1,5,2023,28
4.0,8.0,1.0,"2023-06-12","New York","Excellent","['Excellent']",9,6,0,2023,12
1.0,11.0,0.75,"2023-06-13","Los Angeles","Poor","['Poor']",4,6,1,2023,13
23.0,7.0,0.75,"2023-05-31","New York","Poor","['Poor']",4,5,2,2023,31
15.0,5.0,0.75,"2023-02-16","Houston","Excellent","['Excellent']",9,2,3,2023,16
27.0,1.0,0.5,"2023-01-31","Chicago","Good","['Good']",4,1,1,2023,31
11.0,12.0,0.5,"2023-05-19","New York","Average","['Average']",7,5,4,2023,19
19.0,13.0,0.75,"2023-04-28","Chicago","Good","['Good']",4,4,4,2023,28
18.0,7.0,0.25,"2023-01-14","Chicago","Average","['Average']",7,1,5,2023,14
21.0,2.0,0.5,"2023-01-10","New York","Good","['Good']",4,1,1,2023,10
14.0,1.0,0.25,"2023-03-17","Houston","Good","['Good']",4,3,4,2023,17
27.0,14.0,0.75,"2023-04-04","Chicago","Could be better","['Could', 'be', 'better']",15,4,1,2023,4
4.0,14.0,0.5,"2023-06-20","Chicago","Could be better","['Could', 'be', 'better']",15,6,1,2023,20
7.0,2.0,0.25,"2023-01-01","Los Angeles","Average","['Average']",7,1,6,2023,1
16.0,5.0,0.5,"2023-04-28","Phoenix","Excellent","['Excellent']",9,4,4,2023,28
13.0,1.0,0.5,"2023-06-14","Houston","Good","['Good']",4,6,2,2023,14
17.0,3.0,0.5,"2023-06-14","Los Angeles","Good","['Good']",4,6,2,2023,14
15.0,1.0,0.25,"2023-04-24","Phoenix","Excellent","['Excellent']",9,4,0,2023,24
14.0,9.0,1.0,"2023-03-19","Phoenix","Poor","['Poor']",4,3,6,2023,19
29.0,4.0,1.0,"2023-05-10","Phoenix","Could be better","['Could', 'be', 'better']",15,5,2,2023,10
18.0,1.0,0.5,"2023-01-26","Phoenix","Good","['Good']",4,1,3,2023,26
22.0,12.0,1.0,"2023-01-29","Phoenix","Excellent","['Excellent']",9,1,6,2023,29
29.0,3.0,0.5,"2023-01-01","Los Angeles","Excellent","['Excellent']",9,1,6,2023,1
22.0,11.0,0.0,"2023-04-29","Phoenix","Average","['Average']",7,4,5,2023,29
11.0,2.0,0.25,"2023-02-04","New York","Could be better","['Could', 'be', 'better']",15,2,5,2023,4
22.0,12.0,1.0,"2023-03-10","Chicago","Excellent","['Excellent']",9,3,4,2023,10
